FlightID,RouteCode,Origin,Destination,FlightDate,FlightDurationMins,AircraftType,SeatsAvailable,SeatsSold,Revenue,OperationalCost
F0001,DEL-BLR,Delhi,Bengaluru,2026-07-12,157,Airbus A320,180,142,1353118,1034471
F0002,HYD-MAA,Hyderabad,Chennai,2026-08-07,153,Boeing 737,180,168,2069256,2194260
F0003,CCU-DEL,Kolkata,Delhi,2026-11-28,121,Boeing 787,220,112,666624,647811
F0004,MAA-BOM,Chennai,Mumbai,2026-02-09,137,ATR 72,72,40,534600,462526
F0005,BLR-HYD,Bengaluru,Hyderabad,2026-03-03,223,Boeing 737,290,168,2853648,2190394
F0006,MAA-BOM,Chennai,Mumbai,2026-10-05,111,Airbus A320,180,111,1038627,971430
F0007,BOM-SIN,Mumbai,Singapore,2026-11-10,117,Boeing 787,189,181,2856180,2741807
F0008,CCU-DEL,Kolkata,Delhi,2026-04-02,241,Airbus A321,220,103,428377,293453
F0009,BOM-SIN,Mumbai,Singapore,2026-12-19,167,Boeing 737,180,151,1098223,722814
F0010,HYD-MAA,Hyderabad,Chennai,2026-11-16,82,ATR 72,72,67,1091497,1043577
F0011,DEL-DXB,Delhi,Dubai,2026-01-18,221,ATR 72,72,38,625936,669522
F0012,DEL-BLR,Delhi,Bengaluru,2026-02-11,162,ATR 72,72,63,806337,794361
F0013,CCU-DEL,Kolkata,Delhi,2026-01-11,117,Boeing 737,189,181,854863,577719
F0014,CCU-DEL,Kolkata,Delhi,2026-12-14,166,Boeing 737,189,109,1389205,1257324
F0015,BLR-HYD,Bengaluru,Hyderabad,2026-11-03,259,ATR 72,72,53,507634,433211
F0016,DEL-BLR,Delhi,Bengaluru,2026-07-16,296,ATR 72,72,69,1227234,1112841
F0017,HYD-MAA,Hyderabad,Chennai,2026-09-03,163,Airbus A321,220,175,2307375,2161885
F0018,HYD-MAA,Hyderabad,Chennai,2026-01-05,138,Airbus A321,220,126,1879542,1540272
F0019,MAA-BOM,Chennai,Mumbai,2026-10-26,218,ATR 72,72,65,363025,312824
F0020,BLR-HYD,Bengaluru,Hyderabad,2026-11-05,63,Airbus A321,290,238,2038470,1883814
F0021,BOM-DEL,Mumbai,Delhi,2026-10-04,176,Boeing 737,290,266,3223654,3199000
F0022,MAA-BOM,Chennai,Mumbai,2026-12-04,101,Boeing 737,220,130,1210170,918456
F0023,BOM-SIN,Mumbai,Singapore,2026-02-25,208,Airbus A320,290,209,1390268,1423609
F0024,BOM-SIN,Mumbai,Singapore,2026-01-15,165,ATR 72,72,38,177042,187273
F0025,DEL-BLR,Delhi,Bengaluru,2026-04-21,292,Airbus A320,189,166,2905332,2494424
F0026,MAA-BOM,Chennai,Mumbai,2026-04-10,211,ATR 72,72,64,1100288,787018
F0027,MAA-BOM,Chennai,Mumbai,2026-11-03,126,Boeing 787,220,181,2585404,1881868
F0028,BOM-SIN,Mumbai,Singapore,2026-03-30,133,Airbus A321,220,200,2808600,2631795
F0029,DEL-BLR,Delhi,Bengaluru,2026-10-27,135,Airbus A320,180,151,2379458,1493946
F0030,DEL-DXB,Delhi,Dubai,2026-07-31,61,Boeing 737,290,258,2503374,2379950
F0031,MAA-BOM,Chennai,Mumbai,2026-04-10,115,Boeing 737,220,178,1414566,982013
F0032,DEL-DXB,Delhi,Dubai,2026-06-04,299,Boeing 737,189,159,2020413,2161489
F0033,DEL-DXB,Delhi,Dubai,2026-05-19,217,Boeing 787,180,128,1432192,1416668
F0034,BOM-SIN,Mumbai,Singapore,2026-02-01,94,Boeing 787,189,182,3045952,2981159
F0035,HYD-MAA,Hyderabad,Chennai,2026-05-17,207,ATR 72,72,44,312268,201140
F0036,MAA-BOM,Chennai,Mumbai,2026-02-10,200,Airbus A321,290,190,2964760,3017353
F0037,CCU-DEL,Kolkata,Delhi,2026-10-01,294,ATR 72,72,56,954408,672274
F0038,BOM-SIN,Mumbai,Singapore,2026-04-12,124,Airbus A321,180,130,1763710,1897664
F0039,HYD-MAA,Hyderabad,Chennai,2026-09-13,288,Airbus A320,189,142,1066704,1087781
F0040,CCU-DEL,Kolkata,Delhi,2026-05-29,93,Airbus A321,189,122,880108,893290
F0041,MAA-BOM,Chennai,Mumbai,2026-01-05,207,ATR 72,72,51,811155,746245
F0042,CCU-DEL,Kolkata,Delhi,2026-12-17,170,Airbus A321,180,112,1784944,1445239
F0043,DEL-BLR,Delhi,Bengaluru,2026-01-01,187,Airbus A321,290,201,1174845,858970
F0044,DEL-BLR,Delhi,Bengaluru,2026-06-12,91,ATR 72,72,69,474789,325550
F0045,BLR-HYD,Bengaluru,Hyderabad,2026-08-09,104,ATR 72,72,53,333158,333222
F0046,HYD-MAA,Hyderabad,Chennai,2026-10-19,244,Boeing 787,189,103,1042566,675192
F0047,DEL-BLR,Delhi,Bengaluru,2026-07-22,177,Airbus A320,189,89,781153,657004
F0048,BOM-SIN,Mumbai,Singapore,2026-05-27,285,Airbus A321,290,283,4831093,3976135
F0049,CCU-DEL,Kolkata,Delhi,2026-04-13,287,Boeing 737,290,156,729144,569982
F0050,BLR-HYD,Bengaluru,Hyderabad,2026-08-31,195,Boeing 787,180,116,1391304,1314525
F0051,DEL-DXB,Delhi,Dubai,2026-09-24,123,Airbus A321,189,137,1257797,1147003
F0052,MAA-BOM,Chennai,Mumbai,2026-02-04,76,ATR 72,72,36,154692,137412
F0053,BOM-SIN,Mumbai,Singapore,2026-12-01,259,Boeing 737,220,103,629124,619092
F0054,DEL-DXB,Delhi,Dubai,2026-07-07,185,ATR 72,72,72,1197504,1271360
F0055,BOM-SIN,Mumbai,Singapore,2026-03-23,157,Airbus A320,189,158,2553754,1703131
F0056,MAA-BOM,Chennai,Mumbai,2026-07-31,66,Airbus A320,290,161,2791418,1899988
F0057,BOM-SIN,Mumbai,Singapore,2026-03-27,215,Boeing 787,220,121,1616681,1039675
F0058,BOM-SIN,Mumbai,Singapore,2026-06-19,64,Airbus A320,189,148,1757204,1779121
F0059,CCU-DEL,Kolkata,Delhi,2026-05-05,152,Airbus A320,290,240,3384720,3699442
F0060,MAA-BOM,Chennai,Mumbai,2026-03-20,153,Airbus A321,290,177,2280291,1516248
F0061,HYD-MAA,Hyderabad,Chennai,2026-01-09,273,Airbus A321,189,161,2585016,1893685
F0062,HYD-MAA,Hyderabad,Chennai,2026-06-09,88,Boeing 737,189,131,600635,607454
F0063,BOM-SIN,Mumbai,Singapore,2026-05-26,208,Airbus A321,180,142,2251410,2290995
F0064,MAA-BOM,Chennai,Mumbai,2026-11-03,209,Boeing 787,189,98,1452066,1524832
F0065,BOM-SIN,Mumbai,Singapore,2026-02-13,276,Airbus A321,189,142,1006638,720889
F0066,BLR-HYD,Bengaluru,Hyderabad,2026-08-07,300,Airbus A321,290,270,4045140,3207915
F0067,BLR-HYD,Bengaluru,Hyderabad,2026-07-25,282,Boeing 787,180,154,1105874,1078182
F0068,CCU-DEL,Kolkata,Delhi,2026-07-05,149,ATR 72,72,66,1021350,977781
F0069,CCU-DEL,Kolkata,Delhi,2026-03-08,284,Airbus A321,220,205,2207440,1722425
F0070,CCU-DEL,Kolkata,Delhi,2026-04-15,122,ATR 72,72,68,774588,467434
F0071,DEL-BLR,Delhi,Bengaluru,2026-09-13,151,Boeing 737,290,203,2413873,2588258
F0072,CCU-DEL,Kolkata,Delhi,2026-09-05,128,Airbus A320,290,262,1880898,1748389
F0073,CCU-DEL,Kolkata,Delhi,2026-05-08,223,Airbus A321,180,125,1811625,1304041
F0074,HYD-MAA,Hyderabad,Chennai,2026-06-20,275,ATR 72,72,67,303175,311843
F0075,MAA-BOM,Chennai,Mumbai,2026-12-01,189,Boeing 737,189,104,1675960,1676000
F0076,BOM-DEL,Mumbai,Delhi,2026-11-18,78,Boeing 787,180,169,2376309,1498515
F0077,MAA-BOM,Chennai,Mumbai,2026-09-14,267,Airbus A320,189,93,1581465,1706114
F0078,CCU-DEL,Kolkata,Delhi,2026-04-20,135,Airbus A320,180,106,795000,765608
F0079,BOM-DEL,Mumbai,Delhi,2026-11-04,142,Boeing 737,180,92,1300420,1327271
F0080,BOM-SIN,Mumbai,Singapore,2026-07-14,172,Boeing 787,189,178,2700616,1971007
F0081,CCU-DEL,Kolkata,Delhi,2026-08-25,272,ATR 72,72,65,576810,461021
F0082,MAA-BOM,Chennai,Mumbai,2026-09-26,111,Boeing 737,189,167,874746,603830
F0083,BOM-SIN,Mumbai,Singapore,2026-01-13,89,Boeing 787,180,170,2311490,2369434
F0084,BOM-SIN,Mumbai,Singapore,2026-01-20,221,Boeing 737,290,274,3056744,3185797
F0085,BOM-DEL,Mumbai,Delhi,2026-03-19,283,ATR 72,72,41,419430,408443
F0086,BLR-HYD,Bengaluru,Hyderabad,2026-11-18,217,Airbus A321,220,196,1822800,1552241
F0087,DEL-BLR,Delhi,Bengaluru,2026-04-08,201,Airbus A320,189,163,2519491,1654525
F0088,BOM-SIN,Mumbai,Singapore,2026-11-25,237,ATR 72,72,71,615073,545476
F0089,BOM-SIN,Mumbai,Singapore,2026-10-04,185,Airbus A321,220,133,1479758,914834
F0090,BOM-SIN,Mumbai,Singapore,2026-06-12,272,Airbus A320,189,93,1236621,1240607
F0091,CCU-DEL,Kolkata,Delhi,2026-07-27,177,Airbus A320,290,226,1383120,988131
F0092,BOM-DEL,Mumbai,Delhi,2026-07-17,252,Boeing 787,290,254,2225294,2149386
F0093,BOM-SIN,Mumbai,Singapore,2026-11-24,109,Airbus A321,189,131,641245,616886
F0094,DEL-BLR,Delhi,Bengaluru,2026-08-10,102,Airbus A321,290,172,1041976,762741
F0095,DEL-DXB,Delhi,Dubai,2026-10-08,112,Boeing 737,290,243,3564810,2851329
F0096,CCU-DEL,Kolkata,Delhi,2026-09-05,162,ATR 72,72,43,583854,356128
F0097,MAA-BOM,Chennai,Mumbai,2026-07-01,203,Boeing 737,189,87,1150314,752510
F0098,BLR-HYD,Bengaluru,Hyderabad,2026-01-19,170,Airbus A320,180,156,2087436,1959207
F0099,BLR-HYD,Bengaluru,Hyderabad,2026-10-30,257,Airbus A320,290,254,2674874,2742602
F0100,DEL-BLR,Delhi,Bengaluru,2026-02-06,240,Airbus A321,290,160,2528640,2387485
F0101,BOM-DEL,Mumbai,Delhi,2026-03-31,275,Airbus A320,220,124,675676,488245
F0102,BOM-SIN,Mumbai,Singapore,2026-07-20,284,Airbus A320,180,106,1172678,1037650
F0103,DEL-DXB,Delhi,Dubai,2026-06-18,288,Boeing 787,189,89,481490,404901
F0104,BOM-DEL,Mumbai,Delhi,2026-02-27,145,Airbus A320,180,118,1000168,1079350
F0105,DEL-BLR,Delhi,Bengaluru,2026-05-29,101,Airbus A321,290,273,2165436,1373370
F0106,BOM-DEL,Mumbai,Delhi,2026-03-30,124,Airbus A321,180,103,1731018,1059096
F0107,BLR-HYD,Bengaluru,Hyderabad,2026-05-02,143,Boeing 787,220,191,1952975,1260404
F0108,DEL-DXB,Delhi,Dubai,2026-09-07,289,Boeing 787,189,117,1755585,1860672
F0109,BOM-SIN,Mumbai,Singapore,2026-01-11,277,Airbus A320,290,232,2251560,2279121
F0110,BOM-SIN,Mumbai,Singapore,2026-11-14,208,Boeing 787,189,163,1143934,1238187
F0111,DEL-DXB,Delhi,Dubai,2026-03-07,179,ATR 72,72,58,988320,628812
F0112,MAA-BOM,Chennai,Mumbai,2026-09-11,228,Boeing 737,180,159,2517129,1849759
F0113,MAA-BOM,Chennai,Mumbai,2026-06-03,67,Airbus A320,189,119,778022,613989
F0114,DEL-BLR,Delhi,Bengaluru,2026-12-29,186,Airbus A320,189,167,826149,724961
F0115,DEL-BLR,Delhi,Bengaluru,2026-10-09,89,Airbus A320,180,150,601200,434748
F0116,BLR-HYD,Bengaluru,Hyderabad,2026-12-28,142,Boeing 737,180,82,922418,761519
F0117,BLR-HYD,Bengaluru,Hyderabad,2026-06-15,125,Airbus A320,180,161,1143583,777661
F0118,BOM-SIN,Mumbai,Singapore,2026-11-18,113,ATR 72,72,44,551672,567566
F0119,DEL-DXB,Delhi,Dubai,2026-07-13,104,Airbus A320,290,237,2000280,1649984
F0120,BOM-SIN,Mumbai,Singapore,2026-12-15,111,ATR 72,72,38,499168,449426
F0121,BOM-SIN,Mumbai,Singapore,2026-05-28,149,Airbus A320,220,141,648177,539484
F0122,MAA-BOM,Chennai,Mumbai,2026-10-09,284,Airbus A321,180,145,2478775,1759715
F0123,BLR-HYD,Bengaluru,Hyderabad,2026-12-05,253,Airbus A321,220,160,2278400,2173922
F0124,BOM-SIN,Mumbai,Singapore,2026-01-05,284,Boeing 787,290,208,2563808,1705718
F0125,HYD-MAA,Hyderabad,Chennai,2026-02-07,130,Boeing 787,189,175,1710450,1489688
F0126,CCU-DEL,Kolkata,Delhi,2026-04-15,173,Airbus A321,220,184,2211496,2090136
F0127,BOM-DEL,Mumbai,Delhi,2026-02-21,262,Boeing 787,290,142,1658986,1505077
F0128,HYD-MAA,Hyderabad,Chennai,2026-11-25,173,Boeing 737,220,164,2717152,2753700
F0129,MAA-BOM,Chennai,Mumbai,2026-06-15,233,Airbus A320,290,257,1346166,1130392
F0130,DEL-DXB,Delhi,Dubai,2026-03-14,225,Boeing 787,180,107,1327870,1203097
F0131,BOM-SIN,Mumbai,Singapore,2026-07-22,232,ATR 72,72,70,350210,278256
F0132,MAA-BOM,Chennai,Mumbai,2026-01-27,256,Boeing 787,180,94,678210,441902
F0133,BLR-HYD,Bengaluru,Hyderabad,2026-07-21,72,Airbus A321,220,142,1983314,1803698
F0134,DEL-BLR,Delhi,Bengaluru,2026-09-05,240,Airbus A321,189,186,3289410,2315534
F0135,BOM-DEL,Mumbai,Delhi,2026-08-27,156,ATR 72,72,39,456105,417806
F0136,HYD-MAA,Hyderabad,Chennai,2026-06-26,260,Boeing 737,290,202,1217050,947169
F0137,DEL-DXB,Delhi,Dubai,2026-01-02,70,Airbus A320,290,135,654750,710860
F0138,BOM-DEL,Mumbai,Delhi,2026-04-30,94,Airbus A321,290,218,3708834,3118372
F0139,CCU-DEL,Kolkata,Delhi,2026-08-10,74,Boeing 737,189,158,2272830,2199859
F0140,CCU-DEL,Kolkata,Delhi,2026-06-04,228,Airbus A321,290,280,4420640,3741481
F0141,BOM-DEL,Mumbai,Delhi,2026-05-03,229,ATR 72,72,61,798673,689664
F0142,DEL-BLR,Delhi,Bengaluru,2026-12-20,152,Airbus A321,180,177,2433573,2673245
F0143,CCU-DEL,Kolkata,Delhi,2026-07-06,75,ATR 72,72,66,380622,258887
F0144,MAA-BOM,Chennai,Mumbai,2026-01-17,76,ATR 72,72,39,293007,301682
F0145,BOM-DEL,Mumbai,Delhi,2026-10-06,194,Boeing 737,189,186,1719942,1348564
F0146,BOM-DEL,Mumbai,Delhi,2026-02-22,206,Boeing 787,189,91,1414140,1134326
F0147,BOM-DEL,Mumbai,Delhi,2026-10-06,253,Airbus A321,290,242,1756920,1552809
F0148,BOM-SIN,Mumbai,Singapore,2026-01-20,173,Airbus A320,290,164,2787508,2539744
F0149,CCU-DEL,Kolkata,Delhi,2026-05-22,157,Airbus A321,290,283,2242209,2150664
F0150,MAA-BOM,Chennai,Mumbai,2026-01-01,296,Airbus A321,189,104,1762592,1069414
F0151,BOM-DEL,Mumbai,Delhi,2026-02-11,295,Boeing 737,189,146,598308,523834
F0152,CCU-DEL,Kolkata,Delhi,2026-12-16,107,Boeing 737,189,136,1473016,941499
F0153,BOM-SIN,Mumbai,Singapore,2026-01-29,141,ATR 72,72,50,363900,252321
F0154,BLR-HYD,Bengaluru,Hyderabad,2026-01-07,230,Boeing 787,189,118,1809412,1256571
F0155,BOM-DEL,Mumbai,Delhi,2026-04-20,162,Airbus A321,189,118,1860742,1394146
F0156,HYD-MAA,Hyderabad,Chennai,2026-01-20,264,Airbus A320,189,97,1020925,953972
F0157,MAA-BOM,Chennai,Mumbai,2026-07-15,269,Airbus A321,290,255,1211250,778157
F0158,DEL-BLR,Delhi,Bengaluru,2026-03-14,231,Airbus A321,189,98,1368276,1375403
F0159,BOM-SIN,Mumbai,Singapore,2026-10-23,155,Boeing 787,189,184,3138672,3293199
F0160,CCU-DEL,Kolkata,Delhi,2026-07-14,120,ATR 72,72,55,330715,227147
F0161,HYD-MAA,Hyderabad,Chennai,2026-02-14,106,Boeing 787,180,174,2429910,2233182
F0162,DEL-BLR,Delhi,Bengaluru,2026-08-10,210,ATR 72,72,51,569619,357554
F0163,BOM-DEL,Mumbai,Delhi,2026-03-29,249,Airbus A320,180,136,1388696,1477618
F0164,BOM-DEL,Mumbai,Delhi,2026-12-19,170,ATR 72,72,48,626736,555591
F0165,MAA-BOM,Chennai,Mumbai,2026-09-21,273,ATR 72,72,40,597320,555968
F0166,BOM-DEL,Mumbai,Delhi,2026-08-28,275,Boeing 737,180,139,1770582,1188696
F0167,BOM-SIN,Mumbai,Singapore,2026-04-24,185,Boeing 737,290,170,1045500,924328
F0168,MAA-BOM,Chennai,Mumbai,2026-08-14,119,Airbus A321,189,125,1864875,1961174
F0169,BOM-SIN,Mumbai,Singapore,2026-05-17,222,Boeing 737,189,157,1656821,1182156
F0170,DEL-DXB,Delhi,Dubai,2026-02-02,239,Boeing 737,180,123,788553,848708
F0171,DEL-DXB,Delhi,Dubai,2026-05-26,151,Airbus A321,220,106,1114696,746171
F0172,HYD-MAA,Hyderabad,Chennai,2026-03-24,68,Boeing 737,220,198,2774376,2828284
F0173,BOM-SIN,Mumbai,Singapore,2026-10-07,282,Airbus A321,220,216,1196208,1233688
F0174,BLR-HYD,Bengaluru,Hyderabad,2026-01-26,286,Airbus A320,290,188,1365632,1146818
F0175,MAA-BOM,Chennai,Mumbai,2026-07-24,127,ATR 72,72,60,402900,264974
F0176,BLR-HYD,Bengaluru,Hyderabad,2026-09-17,297,Airbus A321,180,127,1603502,1060616
F0177,MAA-BOM,Chennai,Mumbai,2026-07-11,113,Boeing 737,220,169,2233504,1549081
F0178,BLR-HYD,Bengaluru,Hyderabad,2026-03-23,289,Boeing 787,290,137,1287526,1256711
F0179,DEL-BLR,Delhi,Bengaluru,2026-04-03,248,ATR 72,72,44,430188,458607
F0180,BOM-DEL,Mumbai,Delhi,2026-06-16,241,Airbus A321,220,115,1033160,832126
F0181,BLR-HYD,Bengaluru,Hyderabad,2026-01-10,201,Boeing 737,220,150,1976850,1408213
F0182,HYD-MAA,Hyderabad,Chennai,2026-09-27,217,Boeing 737,180,175,2719150,1765801
F0183,BLR-HYD,Bengaluru,Hyderabad,2026-04-27,151,Boeing 737,180,107,1284428,1114439
F0184,DEL-DXB,Delhi,Dubai,2026-05-15,85,ATR 72,72,36,325656,306217
F0185,DEL-BLR,Delhi,Bengaluru,2026-08-07,191,Airbus A320,180,139,1862044,1723026
F0186,BOM-DEL,Mumbai,Delhi,2026-08-01,229,Boeing 737,180,86,1129868,798602
F0187,MAA-BOM,Chennai,Mumbai,2026-09-17,276,Boeing 737,189,180,2170260,1422158
F0188,HYD-MAA,Hyderabad,Chennai,2026-08-14,210,Boeing 787,220,136,1300296,853483
F0189,CCU-DEL,Kolkata,Delhi,2026-05-29,97,Boeing 787,220,158,1971840,2081795
F0190,MAA-BOM,Chennai,Mumbai,2026-07-17,181,Airbus A320,180,125,1214250,1051672
F0191,BOM-DEL,Mumbai,Delhi,2026-05-24,221,Airbus A320,180,139,847344,738504
F0192,CCU-DEL,Kolkata,Delhi,2026-04-10,166,Boeing 737,189,155,1216440,1197415
F0193,CCU-DEL,Kolkata,Delhi,2026-07-11,275,ATR 72,72,33,567996,456217
F0194,CCU-DEL,Kolkata,Delhi,2026-09-17,64,Boeing 787,290,175,798175,481423
F0195,CCU-DEL,Kolkata,Delhi,2026-10-15,211,Airbus A321,180,166,1348418,1435550
F0196,CCU-DEL,Kolkata,Delhi,2026-06-04,264,Airbus A320,180,91,1155427,989717
F0197,DEL-DXB,Delhi,Dubai,2026-10-20,257,Boeing 787,220,150,2134500,1694464
F0198,BOM-SIN,Mumbai,Singapore,2026-12-01,283,Airbus A320,180,168,2227344,2205430
F0199,MAA-BOM,Chennai,Mumbai,2026-08-02,90,Boeing 737,290,164,1575220,1430402
F0200,CCU-DEL,Kolkata,Delhi,2026-10-04,268,Boeing 737,180,82,901590,715820
F0201,BOM-DEL,Mumbai,Delhi,2026-03-15,142,Boeing 787,180,127,1523492,1107862
F0202,BOM-DEL,Mumbai,Delhi,2026-01-16,76,ATR 72,72,34,337926,323354
F0203,CCU-DEL,Kolkata,Delhi,2026-01-11,275,Airbus A321,220,120,1115040,906733
F0204,BOM-DEL,Mumbai,Delhi,2026-10-14,169,ATR 72,72,47,206424,145302
F0205,DEL-DXB,Delhi,Dubai,2026-01-20,133,Boeing 737,189,111,1893216,2049331
F0206,BOM-SIN,Mumbai,Singapore,2026-02-07,133,Airbus A321,189,172,1067088,796189
F0207,BLR-HYD,Bengaluru,Hyderabad,2026-08-19,82,Boeing 787,180,176,2072928,1787090
F0208,MAA-BOM,Chennai,Mumbai,2026-10-13,169,Boeing 737,290,263,1265819,1315577
F0209,BOM-DEL,Mumbai,Delhi,2026-12-16,85,Airbus A320,220,218,1017406,848039
F0210,DEL-BLR,Delhi,Bengaluru,2026-04-09,274,Boeing 737,189,177,2270733,2223603
F0211,MAA-BOM,Chennai,Mumbai,2026-12-12,283,Boeing 737,189,85,358275,317776
F0212,BLR-HYD,Bengaluru,Hyderabad,2026-09-21,227,ATR 72,72,68,422076,453670
F0213,DEL-DXB,Delhi,Dubai,2026-04-07,152,ATR 72,72,40,265160,217677
F0214,BOM-DEL,Mumbai,Delhi,2026-03-12,166,Airbus A321,189,118,532534,464180
F0215,DEL-DXB,Delhi,Dubai,2026-04-05,249,Boeing 737,220,117,516438,469286
F0216,MAA-BOM,Chennai,Mumbai,2026-04-01,211,Boeing 737,180,84,1094604,1021542
F0217,BLR-HYD,Bengaluru,Hyderabad,2026-04-12,294,Airbus A321,290,192,3037824,2689746
F0218,BOM-DEL,Mumbai,Delhi,2026-05-06,120,ATR 72,72,49,516754,508335
F0219,BOM-DEL,Mumbai,Delhi,2026-09-19,299,Airbus A321,189,155,2448690,1836737
F0220,MAA-BOM,Chennai,Mumbai,2026-07-27,171,Airbus A321,189,93,1379190,1360540
F0221,MAA-BOM,Chennai,Mumbai,2026-06-22,231,ATR 72,72,37,550449,523650
F0222,BLR-HYD,Bengaluru,Hyderabad,2026-11-14,80,ATR 72,72,33,387123,262457
F0223,BOM-SIN,Mumbai,Singapore,2026-06-22,115,Boeing 737,189,108,1108620,1193245
F0224,HYD-MAA,Hyderabad,Chennai,2026-01-22,203,Boeing 787,180,130,1603810,1124449
F0225,CCU-DEL,Kolkata,Delhi,2026-08-02,271,Airbus A320,189,163,1046786,787864
F0226,CCU-DEL,Kolkata,Delhi,2026-07-29,231,Airbus A320,220,185,2872125,3117526
F0227,HYD-MAA,Hyderabad,Chennai,2026-02-08,228,Airbus A320,290,259,3289559,3164106
F0228,BOM-DEL,Mumbai,Delhi,2026-10-17,139,Airbus A320,290,262,2325774,2028487
F0229,DEL-BLR,Delhi,Bengaluru,2026-07-14,168,Boeing 787,290,273,1414959,1029619
F0230,MAA-BOM,Chennai,Mumbai,2026-08-01,110,Boeing 737,290,180,2024820,1792845
F0231,MAA-BOM,Chennai,Mumbai,2026-05-18,119,Airbus A321,189,107,599628,623111
F0232,MAA-BOM,Chennai,Mumbai,2026-01-19,71,Boeing 787,189,100,1336400,1182829
F0233,HYD-MAA,Hyderabad,Chennai,2026-06-13,168,Airbus A321,220,177,2369322,2110866
F0234,MAA-BOM,Chennai,Mumbai,2026-05-04,259,Airbus A321,290,238,3396498,2784277
F0235,CCU-DEL,Kolkata,Delhi,2026-05-04,255,Boeing 787,220,215,2260510,1967653
F0236,BOM-DEL,Mumbai,Delhi,2026-05-26,249,Airbus A320,290,222,2483958,1527366
F0237,BLR-HYD,Bengaluru,Hyderabad,2026-02-19,264,Airbus A321,189,109,590235,376870
F0238,HYD-MAA,Hyderabad,Chennai,2026-06-08,278,Boeing 787,220,197,930825,563344
F0239,MAA-BOM,Chennai,Mumbai,2026-09-11,74,Boeing 737,290,228,3583704,2317079
F0240,BOM-SIN,Mumbai,Singapore,2026-03-24,150,Airbus A321,220,190,3381050,3537309
F0241,DEL-DXB,Delhi,Dubai,2026-08-19,246,Airbus A321,290,137,1226972,955782
F0242,CCU-DEL,Kolkata,Delhi,2026-10-09,100,ATR 72,72,61,956175,927169
F0243,CCU-DEL,Kolkata,Delhi,2026-05-16,205,Boeing 787,189,160,1043840,1049257
F0244,BLR-HYD,Bengaluru,Hyderabad,2026-05-12,222,Airbus A321,290,252,2540160,2585934
F0245,CCU-DEL,Kolkata,Delhi,2026-09-17,95,ATR 72,72,58,280314,239220
F0246,HYD-MAA,Hyderabad,Chennai,2026-09-18,146,Boeing 737,290,184,1652136,999874
F0247,MAA-BOM,Chennai,Mumbai,2026-03-26,150,Boeing 737,220,105,1746255,1300089
F0248,MAA-BOM,Chennai,Mumbai,2026-01-04,80,Boeing 787,189,102,628728,383710
F0249,MAA-BOM,Chennai,Mumbai,2026-07-21,79,Airbus A320,220,187,1301333,1184718
F0250,BOM-SIN,Mumbai,Singapore,2026-04-01,240,Airbus A321,220,182,1371734,1349071
F0251,BOM-DEL,Mumbai,Delhi,2026-08-07,269,Airbus A320,220,157,1577379,1625726
F0252,DEL-BLR,Delhi,Bengaluru,2026-07-09,146,Boeing 737,189,93,1546497,1400157
F0253,BOM-SIN,Mumbai,Singapore,2026-03-02,98,ATR 72,72,39,327678,215306
F0254,BLR-HYD,Bengaluru,Hyderabad,2026-08-31,121,Boeing 787,290,153,1567485,1346803
F0255,DEL-BLR,Delhi,Bengaluru,2026-10-06,118,Boeing 737,220,204,1962276,2031462
F0256,BOM-DEL,Mumbai,Delhi,2026-07-16,214,Airbus A320,220,201,1807794,1981991
F0257,BOM-DEL,Mumbai,Delhi,2026-07-15,72,Boeing 787,189,116,2054244,1950053
F0258,BOM-SIN,Mumbai,Singapore,2026-04-24,108,Airbus A320,220,184,3182648,3060816
F0259,BOM-SIN,Mumbai,Singapore,2026-11-05,165,Boeing 737,180,114,1832664,1136345
F0260,BOM-SIN,Mumbai,Singapore,2026-09-03,256,Boeing 737,290,203,2396009,2177119
F0261,BOM-SIN,Mumbai,Singapore,2026-08-10,288,Boeing 737,220,121,1408440,1132763
F0262,DEL-BLR,Delhi,Bengaluru,2026-08-24,264,Boeing 737,189,96,1444128,1199904
F0263,MAA-BOM,Chennai,Mumbai,2026-07-28,126,Airbus A320,180,139,862217,826523
F0264,BOM-SIN,Mumbai,Singapore,2026-10-23,109,ATR 72,72,63,926415,574986
F0265,CCU-DEL,Kolkata,Delhi,2026-08-22,122,Boeing 787,290,167,1157310,840090
F0266,HYD-MAA,Hyderabad,Chennai,2026-11-16,114,Airbus A321,290,206,2671820,2635555
F0267,DEL-BLR,Delhi,Bengaluru,2026-04-14,92,Airbus A320,180,131,2168181,2059795
F0268,BOM-SIN,Mumbai,Singapore,2026-09-05,97,ATR 72,72,32,377472,359633
F0269,BOM-SIN,Mumbai,Singapore,2026-03-16,291,Boeing 737,180,178,1236922,1236438
F0270,MAA-BOM,Chennai,Mumbai,2026-11-05,85,Airbus A320,189,143,2440724,1815196
F0271,BLR-HYD,Bengaluru,Hyderabad,2026-09-25,121,Boeing 737,180,118,1664272,1000348
F0272,MAA-BOM,Chennai,Mumbai,2026-01-23,85,ATR 72,72,62,459358,471628
F0273,DEL-BLR,Delhi,Bengaluru,2026-01-29,293,Boeing 737,189,101,1181397,827712
F0274,BLR-HYD,Bengaluru,Hyderabad,2026-08-26,86,ATR 72,72,60,402960,377046
F0275,DEL-BLR,Delhi,Bengaluru,2026-08-14,95,Boeing 737,290,273,4250610,3947852
F0276,BOM-SIN,Mumbai,Singapore,2026-01-30,194,ATR 72,72,68,907596,710862
F0277,DEL-DXB,Delhi,Dubai,2026-12-13,156,Airbus A321,290,253,4324529,2810267
F0278,HYD-MAA,Hyderabad,Chennai,2026-10-08,191,Airbus A321,290,229,3763844,3597223
F0279,BOM-DEL,Mumbai,Delhi,2026-10-28,159,Boeing 737,290,274,4798014,3087461
F0280,BOM-SIN,Mumbai,Singapore,2026-09-30,107,ATR 72,72,70,832510,523145
F0281,HYD-MAA,Hyderabad,Chennai,2026-05-14,175,Boeing 737,220,161,952476,824421
F0282,DEL-DXB,Delhi,Dubai,2026-08-09,68,Airbus A320,220,170,2445620,2386255
F0283,BLR-HYD,Bengaluru,Hyderabad,2026-11-13,104,ATR 72,72,42,498666,376018
F0284,HYD-MAA,Hyderabad,Chennai,2026-12-03,296,ATR 72,72,36,493344,436314
F0285,BOM-DEL,Mumbai,Delhi,2026-08-21,155,ATR 72,72,36,321516,198033
F0286,BOM-DEL,Mumbai,Delhi,2026-08-23,167,Boeing 787,220,124,1242108,1158722
F0287,DEL-BLR,Delhi,Bengaluru,2026-05-28,254,Airbus A320,189,127,1673098,1447820
F0288,DEL-BLR,Delhi,Bengaluru,2026-07-09,284,Boeing 787,220,99,721017,502544
F0289,MAA-BOM,Chennai,Mumbai,2026-08-30,110,Boeing 737,180,134,1205598,1315595
F0290,DEL-BLR,Delhi,Bengaluru,2026-07-20,214,Boeing 737,290,143,2241382,1814330
F0291,CCU-DEL,Kolkata,Delhi,2026-07-22,268,ATR 72,72,37,279942,219293
F0292,DEL-DXB,Delhi,Dubai,2026-09-27,178,ATR 72,72,54,854334,569828
F0293,HYD-MAA,Hyderabad,Chennai,2026-03-05,294,Airbus A320,189,171,2234286,1714324
F0294,HYD-MAA,Hyderabad,Chennai,2026-04-16,96,Airbus A321,189,93,765204,701119
F0295,CCU-DEL,Kolkata,Delhi,2026-09-16,168,ATR 72,72,58,292552,226771
F0296,DEL-BLR,Delhi,Bengaluru,2026-02-04,280,Airbus A321,180,139,2301145,1794993
F0297,BLR-HYD,Bengaluru,Hyderabad,2026-12-30,163,Airbus A321,189,151,2170625,1735460
F0298,BOM-SIN,Mumbai,Singapore,2026-05-22,123,Boeing 737,180,93,1630104,1414891
F0299,BOM-SIN,Mumbai,Singapore,2026-04-17,274,Boeing 787,290,244,1647000,1444973
F0300,HYD-MAA,Hyderabad,Chennai,2026-01-26,127,Boeing 787,189,142,1745322,1404505
F0301,HYD-MAA,Hyderabad,Chennai,2026-01-28,89,ATR 72,72,52,269880,205510
F0302,MAA-BOM,Chennai,Mumbai,2026-09-23,117,ATR 72,72,42,560448,481610
F0303,BLR-HYD,Bengaluru,Hyderabad,2026-07-21,68,Boeing 787,220,185,3284860,2178846
F0304,DEL-DXB,Delhi,Dubai,2026-03-18,141,Airbus A320,189,124,1339324,1441066
F0305,HYD-MAA,Hyderabad,Chennai,2026-03-15,281,Boeing 787,180,146,1660750,1558287
F0306,HYD-MAA,Hyderabad,Chennai,2026-01-18,283,Boeing 737,180,82,845092,919349
F0307,CCU-DEL,Kolkata,Delhi,2026-12-27,237,Airbus A320,189,133,1542401,1382871
F0308,DEL-BLR,Delhi,Bengaluru,2026-06-09,232,Boeing 737,180,137,1391098,1432156
F0309,BOM-SIN,Mumbai,Singapore,2026-06-17,225,Airbus A321,189,130,1321450,1403382
F0310,BOM-DEL,Mumbai,Delhi,2026-01-19,270,Airbus A321,180,119,2023952,1548555
F0311,BOM-SIN,Mumbai,Singapore,2026-07-10,145,Airbus A321,220,146,972944,754314
F0312,BLR-HYD,Bengaluru,Hyderabad,2026-09-03,190,Boeing 737,290,209,2669348,2902986
F0313,DEL-BLR,Delhi,Bengaluru,2026-03-25,201,Boeing 787,220,155,634105,407322
F0314,BLR-HYD,Bengaluru,Hyderabad,2026-06-01,263,Boeing 737,290,165,1338150,952231
F0315,CCU-DEL,Kolkata,Delhi,2026-11-07,124,ATR 72,72,62,445470,421860
F0316,BOM-SIN,Mumbai,Singapore,2026-06-14,286,Boeing 737,290,209,1277199,841659
F0317,CCU-DEL,Kolkata,Delhi,2026-06-17,150,Airbus A321,220,173,1716852,1413772
F0318,BLR-HYD,Bengaluru,Hyderabad,2026-11-06,64,Boeing 787,189,125,2149125,1485176
F0319,DEL-DXB,Delhi,Dubai,2026-09-20,241,Boeing 787,290,216,1422576,1561196
F0320,DEL-DXB,Delhi,Dubai,2026-02-16,103,Airbus A321,180,125,1567500,1045006
F0321,DEL-DXB,Delhi,Dubai,2026-09-16,248,Boeing 737,189,140,1087660,982055
F0322,BOM-DEL,Mumbai,Delhi,2026-11-09,200,Boeing 737,220,190,810540,747759
F0323,BLR-HYD,Bengaluru,Hyderabad,2026-09-27,235,Boeing 787,290,157,664738,651083
F0324,CCU-DEL,Kolkata,Delhi,2026-11-26,170,Airbus A321,189,130,1544920,929938
F0325,MAA-BOM,Chennai,Mumbai,2026-02-12,173,Boeing 737,220,102,1808766,1616828
F0326,HYD-MAA,Hyderabad,Chennai,2026-12-23,63,Airbus A320,180,104,842192,814270
F0327,DEL-DXB,Delhi,Dubai,2026-06-14,215,Airbus A321,290,142,723774,540587
F0328,BOM-DEL,Mumbai,Delhi,2026-03-09,196,Boeing 737,290,264,1219152,1136436
F0329,BOM-DEL,Mumbai,Delhi,2026-08-22,206,Boeing 787,290,285,4165560,3084782
F0330,HYD-MAA,Hyderabad,Chennai,2026-05-06,155,ATR 72,72,34,484568,523117
F0331,DEL-BLR,Delhi,Bengaluru,2026-07-20,195,Boeing 737,189,143,781638,827783
F0332,CCU-DEL,Kolkata,Delhi,2026-06-24,236,Airbus A320,290,284,1605736,1470720
F0333,CCU-DEL,Kolkata,Delhi,2026-10-26,89,Boeing 737,290,197,1704838,1803744
F0334,CCU-DEL,Kolkata,Delhi,2026-03-11,121,Airbus A321,220,211,3771625,2979487
F0335,DEL-DXB,Delhi,Dubai,2026-10-27,107,Airbus A321,290,230,2190980,1440623
F0336,MAA-BOM,Chennai,Mumbai,2026-02-14,199,Boeing 737,180,119,1442637,1252065
F0337,HYD-MAA,Hyderabad,Chennai,2026-06-29,167,Boeing 737,220,158,1767546,1398086
F0338,MAA-BOM,Chennai,Mumbai,2026-12-10,83,Boeing 737,180,154,623546,543283
F0339,CCU-DEL,Kolkata,Delhi,2026-10-12,80,Airbus A321,220,161,926877,762730
F0340,MAA-BOM,Chennai,Mumbai,2026-09-24,71,Airbus A321,290,195,1453920,1287123
F0341,BOM-SIN,Mumbai,Singapore,2026-09-14,104,Boeing 787,189,127,1655445,1639904
F0342,BOM-SIN,Mumbai,Singapore,2026-12-23,190,Airbus A321,180,90,1197720,1056592
F0343,MAA-BOM,Chennai,Mumbai,2026-10-14,271,Airbus A320,189,165,1949145,1222552
F0344,BLR-HYD,Bengaluru,Hyderabad,2026-04-16,285,Airbus A321,189,180,1616220,1684637
F0345,MAA-BOM,Chennai,Mumbai,2026-10-19,129,Boeing 737,220,156,1379196,1080177
F0346,BOM-SIN,Mumbai,Singapore,2026-04-08,210,Boeing 737,189,189,3057075,2729592
F0347,DEL-BLR,Delhi,Bengaluru,2026-07-09,120,Airbus A321,290,182,742014,555468
F0348,BLR-HYD,Bengaluru,Hyderabad,2026-04-05,139,Boeing 787,180,120,1521600,1663185
F0349,DEL-BLR,Delhi,Bengaluru,2026-08-27,149,Airbus A321,189,103,923704,876659
F0350,BOM-SIN,Mumbai,Singapore,2026-10-17,115,Airbus A320,189,157,1673620,1438529
F0351,DEL-DXB,Delhi,Dubai,2026-08-19,148,Boeing 787,290,188,1640300,1608010
F0352,CCU-DEL,Kolkata,Delhi,2026-04-16,204,ATR 72,72,55,838585,831866
F0353,BLR-HYD,Bengaluru,Hyderabad,2026-10-22,133,Boeing 737,180,85,432735,312828
F0354,MAA-BOM,Chennai,Mumbai,2026-06-27,179,Airbus A321,189,85,1148775,1238186
F0355,BOM-SIN,Mumbai,Singapore,2026-05-26,232,Boeing 737,220,196,2749292,1737990
F0356,DEL-BLR,Delhi,Bengaluru,2026-08-16,100,ATR 72,72,51,671211,493808
F0357,BOM-DEL,Mumbai,Delhi,2026-04-24,94,ATR 72,72,37,659229,448152
F0358,DEL-BLR,Delhi,Bengaluru,2026-10-19,275,ATR 72,72,60,280920,234610
F0359,BOM-SIN,Mumbai,Singapore,2026-05-31,188,ATR 72,72,46,658168,563660
F0360,MAA-BOM,Chennai,Mumbai,2026-11-19,272,ATR 72,72,65,1161420,1040577
F0361,BOM-DEL,Mumbai,Delhi,2026-10-27,176,Airbus A321,180,93,1296699,938539
F0362,BLR-HYD,Bengaluru,Hyderabad,2026-11-12,272,Airbus A321,290,262,2161238,1587342
F0363,BOM-DEL,Mumbai,Delhi,2026-11-02,175,Airbus A320,180,177,3155379,2674335
F0364,BOM-SIN,Mumbai,Singapore,2026-03-27,97,Airbus A320,180,157,1754632,1607473
F0365,CCU-DEL,Kolkata,Delhi,2026-04-18,182,Boeing 787,290,150,1185450,911782
F0366,HYD-MAA,Hyderabad,Chennai,2026-12-08,215,Boeing 787,290,260,2314780,2513582
F0367,DEL-DXB,Delhi,Dubai,2026-10-24,153,Airbus A320,189,145,2241700,1661430
F0368,HYD-MAA,Hyderabad,Chennai,2026-07-18,198,Airbus A321,290,146,2453384,2202952
F0369,MAA-BOM,Chennai,Mumbai,2026-12-30,254,Boeing 787,290,163,1165287,1216720
F0370,BLR-HYD,Bengaluru,Hyderabad,2026-04-12,200,Airbus A320,290,131,590286,578817
F0371,DEL-BLR,Delhi,Bengaluru,2026-05-01,287,Boeing 787,290,165,1932810,1499219
F0372,MAA-BOM,Chennai,Mumbai,2026-07-31,120,Airbus A321,180,112,1742048,1626998
F0373,CCU-DEL,Kolkata,Delhi,2026-01-07,178,Boeing 787,220,122,1699826,1512467
F0374,BLR-HYD,Bengaluru,Hyderabad,2026-01-05,265,Boeing 737,290,145,1945755,2107153
F0375,DEL-BLR,Delhi,Bengaluru,2026-07-18,239,Boeing 737,189,189,2982987,2414629
F0376,HYD-MAA,Hyderabad,Chennai,2026-11-22,174,Boeing 787,189,150,1009800,748449
F0377,BOM-DEL,Mumbai,Delhi,2026-01-02,273,Boeing 737,189,166,2157502,1452147
F0378,BOM-SIN,Mumbai,Singapore,2026-05-02,85,Airbus A321,290,210,1185240,935913
F0379,CCU-DEL,Kolkata,Delhi,2026-12-22,284,Boeing 737,220,185,2343025,1938296
F0380,CCU-DEL,Kolkata,Delhi,2026-02-23,152,Airbus A320,189,128,1801728,1764450
F0381,BOM-SIN,Mumbai,Singapore,2026-08-08,195,Boeing 737,189,134,1766522,1178903
F0382,BOM-SIN,Mumbai,Singapore,2026-07-06,103,Airbus A321,290,202,3244322,3287988
F0383,DEL-BLR,Delhi,Bengaluru,2026-05-09,67,Boeing 787,290,130,1448980,883955
F0384,DEL-BLR,Delhi,Bengaluru,2026-03-31,150,Boeing 737,290,225,3086325,3324654
F0385,BLR-HYD,Bengaluru,Hyderabad,2026-03-10,174,Airbus A321,180,136,1346400,814805
F0386,MAA-BOM,Chennai,Mumbai,2026-01-29,285,Boeing 737,189,100,1267000,1239117
F0387,DEL-DXB,Delhi,Dubai,2026-07-24,263,ATR 72,72,65,785525,760531
F0388,CCU-DEL,Kolkata,Delhi,2026-01-09,263,Airbus A321,189,141,725586,454080
F0389,DEL-DXB,Delhi,Dubai,2026-06-18,91,Airbus A320,189,188,2543452,2187527
F0390,DEL-BLR,Delhi,Bengaluru,2026-09-10,108,ATR 72,72,65,1105195,750016
F0391,DEL-BLR,Delhi,Bengaluru,2026-08-27,154,Airbus A320,180,127,2088515,1987212
F0392,CCU-DEL,Kolkata,Delhi,2026-12-19,140,Airbus A320,220,180,2895300,3078683
F0393,MAA-BOM,Chennai,Mumbai,2026-06-17,198,Boeing 737,180,123,1315362,1348720
F0394,CCU-DEL,Kolkata,Delhi,2026-08-30,221,Boeing 737,189,145,1696790,1274770
F0395,BOM-DEL,Mumbai,Delhi,2026-09-18,289,Airbus A321,189,133,2260867,1919086
F0396,DEL-BLR,Delhi,Bengaluru,2026-06-10,99,Airbus A321,180,111,466311,430661
F0397,BOM-DEL,Mumbai,Delhi,2026-01-07,249,Boeing 787,220,213,928680,931363
F0398,DEL-DXB,Delhi,Dubai,2026-12-07,163,Airbus A320,290,163,1465859,1245228
F0399,BOM-DEL,Mumbai,Delhi,2026-10-27,129,Boeing 737,290,200,3265200,1960133
F0400,CCU-DEL,Kolkata,Delhi,2026-10-07,136,Airbus A321,220,101,1075852,861194
F0401,HYD-MAA,Hyderabad,Chennai,2026-01-14,254,Boeing 737,290,159,2215347,1794360
F0402,BLR-HYD,Bengaluru,Hyderabad,2026-05-30,242,Airbus A320,290,159,1685559,1372453
F0403,BOM-SIN,Mumbai,Singapore,2026-06-14,244,Airbus A321,189,164,1152920,1256937
F0404,DEL-DXB,Delhi,Dubai,2026-04-01,121,Airbus A320,290,286,1965678,1320424
F0405,BOM-SIN,Mumbai,Singapore,2026-08-11,253,ATR 72,72,47,483536,300719
F0406,DEL-BLR,Delhi,Bengaluru,2026-02-20,84,ATR 72,72,55,273185,282918
F0407,CCU-DEL,Kolkata,Delhi,2026-12-17,168,Airbus A320,290,187,2812854,1938126
F0408,MAA-BOM,Chennai,Mumbai,2026-05-24,228,Airbus A320,189,106,1487604,1438546
F0409,DEL-BLR,Delhi,Bengaluru,2026-11-23,71,Airbus A321,189,104,960128,939090
F0410,BOM-SIN,Mumbai,Singapore,2026-06-10,100,ATR 72,72,50,516150,459357
F0411,DEL-BLR,Delhi,Bengaluru,2026-01-21,251,Boeing 737,290,136,2022184,1624681
F0412,DEL-BLR,Delhi,Bengaluru,2026-01-19,172,Airbus A320,189,178,2728028,2934558
F0413,BOM-SIN,Mumbai,Singapore,2026-04-15,78,ATR 72,72,53,453521,282344
F0414,BOM-DEL,Mumbai,Delhi,2026-10-27,288,Airbus A321,180,122,622932,383572
F0415,MAA-BOM,Chennai,Mumbai,2026-06-17,117,Boeing 737,220,207,2629107,2301513
F0416,DEL-BLR,Delhi,Bengaluru,2026-04-28,201,Boeing 787,220,153,2022966,1298594
F0417,DEL-BLR,Delhi,Bengaluru,2026-05-07,129,Airbus A321,180,98,1106126,1129033
F0418,BOM-SIN,Mumbai,Singapore,2026-11-01,277,Boeing 737,290,269,2677895,2431868
F0419,CCU-DEL,Kolkata,Delhi,2026-06-02,239,ATR 72,72,48,236592,219371
F0420,CCU-DEL,Kolkata,Delhi,2026-09-15,121,Boeing 787,180,103,1101070,887884
F0421,BOM-DEL,Mumbai,Delhi,2026-07-11,81,Airbus A320,180,138,1697676,1500845
F0422,DEL-BLR,Delhi,Bengaluru,2026-03-09,215,Boeing 737,180,174,1264458,1003133
F0423,DEL-DXB,Delhi,Dubai,2026-11-15,297,Boeing 737,180,107,1901497,1323720
F0424,DEL-DXB,Delhi,Dubai,2026-08-15,147,Airbus A321,220,125,1406625,1503765
F0425,BLR-HYD,Bengaluru,Hyderabad,2026-12-27,241,Boeing 737,220,174,792222,704257
F0426,HYD-MAA,Hyderabad,Chennai,2026-03-05,229,Boeing 787,180,165,752400,522686
F0427,BOM-DEL,Mumbai,Delhi,2026-06-13,96,ATR 72,72,45,559755,455120
F0428,CCU-DEL,Kolkata,Delhi,2026-08-12,285,Boeing 737,189,95,611135,535825
F0429,HYD-MAA,Hyderabad,Chennai,2026-07-01,94,Airbus A321,189,152,930696,857664
F0430,BOM-SIN,Mumbai,Singapore,2026-06-18,155,ATR 72,72,42,749028,795369
F0431,DEL-DXB,Delhi,Dubai,2026-05-07,268,Airbus A320,290,261,4284576,3114876
F0432,DEL-DXB,Delhi,Dubai,2026-11-24,110,Boeing 787,189,177,1214928,926315
F0433,BOM-SIN,Mumbai,Singapore,2026-04-04,168,ATR 72,72,46,206908,175579
F0434,DEL-BLR,Delhi,Bengaluru,2026-04-12,183,ATR 72,72,58,734280,655419
F0435,HYD-MAA,Hyderabad,Chennai,2026-04-09,238,Boeing 737,180,180,2217780,1466600
F0436,DEL-BLR,Delhi,Bengaluru,2026-08-01,98,Boeing 787,180,94,747676,619174
F0437,HYD-MAA,Hyderabad,Chennai,2026-01-10,289,Boeing 787,220,195,3408600,2262366
F0438,BOM-DEL,Mumbai,Delhi,2026-08-02,215,Boeing 737,290,216,2580120,2107626
F0439,DEL-DXB,Delhi,Dubai,2026-09-09,153,Boeing 787,220,167,1982624,1603888
F0440,BOM-DEL,Mumbai,Delhi,2026-06-24,265,Airbus A321,220,193,1344438,1021709
F0441,DEL-BLR,Delhi,Bengaluru,2026-08-18,134,Airbus A321,189,138,2433630,2433699
F0442,DEL-BLR,Delhi,Bengaluru,2026-12-27,139,Airbus A321,180,173,1251655,1331911
F0443,MAA-BOM,Chennai,Mumbai,2026-05-02,226,Boeing 737,220,175,1213450,984550
F0444,DEL-BLR,Delhi,Bengaluru,2026-03-01,159,Airbus A321,180,161,882763,671495
F0445,BOM-SIN,Mumbai,Singapore,2026-03-10,212,Airbus A320,180,131,1711908,1134073
F0446,MAA-BOM,Chennai,Mumbai,2026-04-07,276,Airbus A320,180,122,1554524,1684130
F0447,BLR-HYD,Bengaluru,Hyderabad,2026-11-04,157,Boeing 737,290,287,1937250,1319467
F0448,CCU-DEL,Kolkata,Delhi,2026-02-09,171,Boeing 737,220,103,1216636,1118837
F0449,BOM-DEL,Mumbai,Delhi,2026-09-19,89,ATR 72,72,35,417900,266746
F0450,MAA-BOM,Chennai,Mumbai,2026-01-30,81,Boeing 787,220,129,1462215,1091396
F0451,MAA-BOM,Chennai,Mumbai,2026-05-08,89,Airbus A320,180,147,1098384,863087
F0452,CCU-DEL,Kolkata,Delhi,2026-02-12,149,Airbus A321,189,123,971085,927550
F0453,CCU-DEL,Kolkata,Delhi,2026-06-27,215,Airbus A320,220,108,1450764,1154277
F0454,HYD-MAA,Hyderabad,Chennai,2026-06-07,167,Boeing 787,290,274,4676358,3649980
F0455,BOM-SIN,Mumbai,Singapore,2026-02-11,161,Airbus A320,180,111,1956042,1964425
F0456,MAA-BOM,Chennai,Mumbai,2026-07-21,284,ATR 72,72,51,646833,664785
F0457,BOM-DEL,Mumbai,Delhi,2026-09-03,190,ATR 72,72,63,1103445,810567
F0458,BOM-DEL,Mumbai,Delhi,2026-12-20,268,Boeing 787,220,148,1214932,919064
F0459,CCU-DEL,Kolkata,Delhi,2026-02-18,263,ATR 72,72,41,521397,449940
F0460,MAA-BOM,Chennai,Mumbai,2026-02-04,196,Boeing 787,180,105,1431045,988659
F0461,MAA-BOM,Chennai,Mumbai,2026-08-22,136,Airbus A320,180,140,2447900,1950096
F0462,HYD-MAA,Hyderabad,Chennai,2026-03-04,106,Boeing 737,180,127,1574038,1193690
F0463,BOM-SIN,Mumbai,Singapore,2026-05-04,167,Airbus A320,220,207,1508616,1333691
F0464,BOM-SIN,Mumbai,Singapore,2026-03-18,68,ATR 72,72,57,922260,880855
F0465,CCU-DEL,Kolkata,Delhi,2026-03-29,237,Boeing 787,290,217,3304693,2252570
F0466,DEL-DXB,Delhi,Dubai,2026-01-28,283,Boeing 787,180,127,2020951,1973754
F0467,BOM-DEL,Mumbai,Delhi,2026-07-26,264,ATR 72,72,38,591546,600662
F0468,BLR-HYD,Bengaluru,Hyderabad,2026-03-29,137,Boeing 787,220,199,1453297,1476711
F0469,MAA-BOM,Chennai,Mumbai,2026-12-15,256,Boeing 787,180,148,1155880,912220
F0470,HYD-MAA,Hyderabad,Chennai,2026-08-29,299,Airbus A320,180,102,1093236,815104
F0471,MAA-BOM,Chennai,Mumbai,2026-02-06,201,Boeing 737,180,135,1635795,1757668
F0472,BOM-SIN,Mumbai,Singapore,2026-04-30,227,Airbus A321,189,105,1267350,787370
F0473,MAA-BOM,Chennai,Mumbai,2026-12-28,96,Airbus A320,189,166,2182900,1406733
F0474,CCU-DEL,Kolkata,Delhi,2026-02-19,202,Boeing 737,180,170,1878160,1210921
F0475,CCU-DEL,Kolkata,Delhi,2026-11-23,90,Boeing 787,189,165,1683990,1444318
F0476,DEL-BLR,Delhi,Bengaluru,2026-12-12,90,Airbus A320,189,103,1008782,649257
F0477,DEL-DXB,Delhi,Dubai,2026-04-29,189,ATR 72,72,69,631281,559599
F0478,HYD-MAA,Hyderabad,Chennai,2026-01-10,286,Airbus A320,180,173,2279275,1521248
F0479,CCU-DEL,Kolkata,Delhi,2026-11-15,233,Airbus A321,189,154,1346884,1051544
F0480,DEL-DXB,Delhi,Dubai,2026-03-12,103,ATR 72,72,44,373736,270940
F0481,DEL-DXB,Delhi,Dubai,2026-09-02,90,ATR 72,72,72,1216944,1285792
F0482,DEL-BLR,Delhi,Bengaluru,2026-02-16,207,ATR 72,72,56,504392,394118
F0483,HYD-MAA,Hyderabad,Chennai,2026-04-09,226,Boeing 787,220,125,1088125,1055561
F0484,BOM-DEL,Mumbai,Delhi,2026-11-05,184,Boeing 737,189,137,1550155,1531081
F0485,CCU-DEL,Kolkata,Delhi,2026-06-06,249,Airbus A320,220,103,925455,987526
F0486,MAA-BOM,Chennai,Mumbai,2026-04-14,96,Boeing 737,189,174,1955412,1359859
F0487,BOM-SIN,Mumbai,Singapore,2026-12-24,116,Airbus A321,189,157,2057014,1789328
F0488,MAA-BOM,Chennai,Mumbai,2026-02-25,233,Boeing 787,290,265,3894440,2623604
F0489,HYD-MAA,Hyderabad,Chennai,2026-07-26,157,Boeing 787,180,139,2107240,1424065
F0490,DEL-BLR,Delhi,Bengaluru,2026-12-11,237,Airbus A320,180,92,1599420,1500090
F0491,DEL-BLR,Delhi,Bengaluru,2026-08-27,265,Airbus A321,180,134,1106170,905122
F0492,DEL-BLR,Delhi,Bengaluru,2026-06-15,109,Airbus A321,220,124,662904,631621
F0493,BOM-DEL,Mumbai,Delhi,2026-09-27,84,Airbus A321,189,86,1149820,1206406
F0494,DEL-BLR,Delhi,Bengaluru,2026-02-02,156,Airbus A320,220,212,2936412,1845658
F0495,CCU-DEL,Kolkata,Delhi,2026-03-12,170,Airbus A320,290,178,3178902,2412652
F0496,DEL-BLR,Delhi,Bengaluru,2026-08-25,211,Boeing 787,220,138,1416846,1463147
F0497,BOM-SIN,Mumbai,Singapore,2026-04-08,186,Airbus A320,220,165,2386560,1576720
F0498,HYD-MAA,Hyderabad,Chennai,2026-05-21,291,Airbus A320,189,168,2980824,2534536
F0499,CCU-DEL,Kolkata,Delhi,2026-01-04,131,Boeing 787,290,273,1112202,792374
F0500,DEL-DXB,Delhi,Dubai,2026-10-10,70,ATR 72,72,50,594350,418257
F0501,BOM-DEL,Mumbai,Delhi,2026-09-16,151,Airbus A321,180,135,1572480,954363
F0502,DEL-DXB,Delhi,Dubai,2026-05-07,94,Boeing 737,189,121,1934548,1471235
F0503,DEL-DXB,Delhi,Dubai,2026-09-29,234,ATR 72,72,49,647633,574737
F0504,HYD-MAA,Hyderabad,Chennai,2026-08-22,68,Airbus A320,189,97,769210,570643
F0505,BOM-DEL,Mumbai,Delhi,2026-07-08,178,Airbus A320,180,82,953250,585918
F0506,CCU-DEL,Kolkata,Delhi,2026-12-08,290,ATR 72,72,52,602888,406050
F0507,MAA-BOM,Chennai,Mumbai,2026-10-24,166,Boeing 737,220,202,1799820,1579362
F0508,HYD-MAA,Hyderabad,Chennai,2026-04-25,133,Airbus A321,290,213,3357945,3134980
F0509,HYD-MAA,Hyderabad,Chennai,2026-10-11,114,Boeing 787,189,175,1050525,881774
F0510,BOM-DEL,Mumbai,Delhi,2026-10-19,175,Boeing 787,220,152,1923560,1608702
F0511,CCU-DEL,Kolkata,Delhi,2026-03-25,244,Boeing 787,290,192,1116480,813572
F0512,MAA-BOM,Chennai,Mumbai,2026-10-06,267,Airbus A320,180,168,1282680,1316676
F0513,DEL-BLR,Delhi,Bengaluru,2026-07-06,141,Boeing 787,189,157,1313619,1112156
F0514,BOM-DEL,Mumbai,Delhi,2026-01-09,205,Airbus A320,290,235,2017710,1425840
F0515,HYD-MAA,Hyderabad,Chennai,2026-08-09,120,Boeing 787,220,203,1657901,1669323
F0516,BLR-HYD,Bengaluru,Hyderabad,2026-04-30,236,ATR 72,72,58,659924,704710
F0517,DEL-BLR,Delhi,Bengaluru,2026-05-19,125,Airbus A321,290,267,1407624,1383287
F0518,BLR-HYD,Bengaluru,Hyderabad,2026-03-19,90,Airbus A320,180,132,1828728,1280112
F0519,HYD-MAA,Hyderabad,Chennai,2026-09-03,254,Airbus A320,220,189,1147041,1080753
F0520,HYD-MAA,Hyderabad,Chennai,2026-10-13,92,Airbus A320,189,187,2373591,1967084
F0521,BOM-SIN,Mumbai,Singapore,2026-03-27,91,ATR 72,72,69,605061,606930
F0522,CCU-DEL,Kolkata,Delhi,2026-12-30,300,Airbus A321,189,152,1469536,1120306
F0523,MAA-BOM,Chennai,Mumbai,2026-10-31,118,ATR 72,72,69,954201,1002671
F0524,DEL-DXB,Delhi,Dubai,2026-04-07,129,Boeing 787,220,146,716130,706198
F0525,HYD-MAA,Hyderabad,Chennai,2026-12-27,209,ATR 72,72,66,283206,179445
F0526,BOM-DEL,Mumbai,Delhi,2026-12-28,199,Airbus A320,220,159,2454165,2018688
F0527,BOM-SIN,Mumbai,Singapore,2026-12-15,276,Boeing 787,189,144,693072,688394
F0528,BOM-DEL,Mumbai,Delhi,2026-03-15,140,Boeing 737,180,165,1378575,1435427
F0529,CCU-DEL,Kolkata,Delhi,2026-01-30,217,Airbus A321,220,129,1719957,1209382
F0530,BOM-SIN,Mumbai,Singapore,2026-03-25,237,ATR 72,72,52,604968,437081
F0531,DEL-DXB,Delhi,Dubai,2026-11-13,210,Airbus A320,220,103,705138,730596
F0532,MAA-BOM,Chennai,Mumbai,2026-09-16,173,Airbus A320,290,237,3055404,3049837
F0533,BOM-DEL,Mumbai,Delhi,2026-12-17,105,ATR 72,72,70,491400,429112
F0534,DEL-BLR,Delhi,Bengaluru,2026-12-06,281,Airbus A321,180,130,2266160,1838214
F0535,CCU-DEL,Kolkata,Delhi,2026-05-24,160,ATR 72,72,70,1033200,650362
F0536,HYD-MAA,Hyderabad,Chennai,2026-12-24,240,Airbus A321,290,198,3553110,3724511
F0537,HYD-MAA,Hyderabad,Chennai,2026-03-14,94,Boeing 787,180,81,760995,581736
F0538,HYD-MAA,Hyderabad,Chennai,2026-01-28,199,Airbus A320,189,183,2733105,2483355
F0539,BOM-SIN,Mumbai,Singapore,2026-05-11,286,Airbus A320,189,111,1625373,1239062
F0540,BLR-HYD,Bengaluru,Hyderabad,2026-09-21,67,Boeing 787,290,187,935187,837133
F0541,DEL-DXB,Delhi,Dubai,2026-04-28,180,Airbus A320,180,143,2480764,1548615
F0542,MAA-BOM,Chennai,Mumbai,2026-06-27,286,ATR 72,72,59,933557,824154
F0543,BOM-SIN,Mumbai,Singapore,2026-09-19,60,Boeing 737,290,212,2377368,2129335
F0544,BLR-HYD,Bengaluru,Hyderabad,2026-04-07,280,Airbus A320,180,179,722265,463185
F0545,MAA-BOM,Chennai,Mumbai,2026-01-13,79,Airbus A320,220,160,786720,826286
F0546,BOM-SIN,Mumbai,Singapore,2026-12-31,209,Boeing 737,189,103,1796217,1818753
F0547,BLR-HYD,Bengaluru,Hyderabad,2026-10-05,291,Boeing 737,180,102,1807644,1097852
F0548,DEL-DXB,Delhi,Dubai,2026-10-18,118,Airbus A320,220,205,2286980,1581668
F0549,BOM-SIN,Mumbai,Singapore,2026-01-02,291,Airbus A320,220,102,895152,572608
F0550,BOM-DEL,Mumbai,Delhi,2026-12-07,179,ATR 72,72,66,719136,748401
F0551,BOM-SIN,Mumbai,Singapore,2026-05-04,76,Airbus A320,290,146,2340526,1799571
F0552,BOM-DEL,Mumbai,Delhi,2026-04-07,134,Airbus A320,189,122,1092754,795947
F0553,CCU-DEL,Kolkata,Delhi,2026-02-12,117,Airbus A321,189,124,1229336,1138068
F0554,DEL-DXB,Delhi,Dubai,2026-12-06,87,Airbus A320,220,218,883772,555189
F0555,MAA-BOM,Chennai,Mumbai,2026-01-27,120,Boeing 737,290,150,768300,731969
F0556,DEL-BLR,Delhi,Bengaluru,2026-07-26,175,Boeing 787,290,230,2701580,1899031
F0557,CCU-DEL,Kolkata,Delhi,2026-12-03,224,Boeing 737,220,121,1624183,1033253
F0558,BLR-HYD,Bengaluru,Hyderabad,2026-08-28,71,Airbus A320,189,179,2976233,2490338
F0559,CCU-DEL,Kolkata,Delhi,2026-09-06,202,Boeing 787,189,134,1248478,786144
F0560,BLR-HYD,Bengaluru,Hyderabad,2026-12-13,67,Airbus A320,189,148,841232,545348
F0561,DEL-DXB,Delhi,Dubai,2026-02-03,128,Airbus A321,290,223,1154917,1155115
F0562,BLR-HYD,Bengaluru,Hyderabad,2026-11-21,216,Airbus A321,220,161,2109100,1714205
F0563,BLR-HYD,Bengaluru,Hyderabad,2026-06-02,273,Airbus A320,189,88,1410640,1228967
F0564,CCU-DEL,Kolkata,Delhi,2026-05-29,87,ATR 72,72,57,901968,773870
F0565,HYD-MAA,Hyderabad,Chennai,2026-08-17,284,Boeing 787,290,261,3657132,3190747
F0566,HYD-MAA,Hyderabad,Chennai,2026-03-13,220,Airbus A321,189,90,1088460,1107521
F0567,BLR-HYD,Bengaluru,Hyderabad,2026-09-08,230,ATR 72,72,70,993300,876218
F0568,CCU-DEL,Kolkata,Delhi,2026-03-12,245,Boeing 737,220,155,1000990,957825
F0569,BOM-DEL,Mumbai,Delhi,2026-12-16,273,Boeing 737,220,158,1265738,777525
F0570,BOM-DEL,Mumbai,Delhi,2026-12-10,232,ATR 72,72,51,550239,480280
F0571,BOM-SIN,Mumbai,Singapore,2026-08-13,259,Boeing 737,189,99,604197,535699
F0572,MAA-BOM,Chennai,Mumbai,2026-02-12,155,Airbus A321,220,154,1753752,1866339
F0573,DEL-BLR,Delhi,Bengaluru,2026-08-05,271,Boeing 787,290,227,2650679,1660215
F0574,DEL-BLR,Delhi,Bengaluru,2026-05-15,104,Airbus A321,189,105,1860390,1472107
F0575,BOM-DEL,Mumbai,Delhi,2026-02-05,202,Boeing 737,290,172,3028404,2692940
F0576,BLR-HYD,Bengaluru,Hyderabad,2026-06-09,103,ATR 72,72,68,948328,682783
F0577,BLR-HYD,Bengaluru,Hyderabad,2026-12-30,117,Airbus A320,189,115,1701885,1626718
F0578,BLR-HYD,Bengaluru,Hyderabad,2026-08-29,170,ATR 72,72,62,336536,311216
F0579,MAA-BOM,Chennai,Mumbai,2026-03-30,115,Boeing 737,290,211,1815655,1874660
F0580,DEL-DXB,Delhi,Dubai,2026-11-08,212,Boeing 737,180,122,815936,637335
F0581,CCU-DEL,Kolkata,Delhi,2026-01-03,294,Airbus A321,290,198,2324718,1768683
F0582,DEL-DXB,Delhi,Dubai,2026-12-09,153,Boeing 787,220,198,1011780,1002434
F0583,HYD-MAA,Hyderabad,Chennai,2026-08-11,285,Boeing 737,220,146,722262,704464
F0584,MAA-BOM,Chennai,Mumbai,2026-07-17,78,ATR 72,72,72,971784,1044684
F0585,CCU-DEL,Kolkata,Delhi,2026-07-02,199,Airbus A321,220,142,702190,597075
F0586,HYD-MAA,Hyderabad,Chennai,2026-10-12,210,Boeing 787,189,134,1231594,1071285
F0587,DEL-DXB,Delhi,Dubai,2026-03-10,236,Boeing 787,189,86,1152658,837614
F0588,DEL-BLR,Delhi,Bengaluru,2026-05-27,176,Airbus A321,189,98,1151892,1073238
F0589,HYD-MAA,Hyderabad,Chennai,2026-02-13,247,Airbus A320,220,140,2051700,1425080
F0590,HYD-MAA,Hyderabad,Chennai,2026-03-14,259,Airbus A321,290,207,2860326,2210765
F0591,BOM-DEL,Mumbai,Delhi,2026-02-07,151,Airbus A321,180,137,1639616,1576871
F0592,DEL-BLR,Delhi,Bengaluru,2026-05-10,295,Airbus A321,220,112,779744,640414
F0593,DEL-DXB,Delhi,Dubai,2026-07-03,165,Airbus A321,180,178,2355118,1767246
F0594,MAA-BOM,Chennai,Mumbai,2026-02-13,213,Boeing 787,220,171,1933668,1357343
F0595,DEL-BLR,Delhi,Bengaluru,2026-01-04,198,Airbus A320,220,123,1850781,2004528
F0596,HYD-MAA,Hyderabad,Chennai,2026-02-11,242,Boeing 737,189,183,2788920,1961602
F0597,BOM-DEL,Mumbai,Delhi,2026-02-21,291,Boeing 787,180,166,1419964,1537118
F0598,CCU-DEL,Kolkata,Delhi,2026-02-05,113,Airbus A320,220,180,2030400,2109544
F0599,BOM-DEL,Mumbai,Delhi,2026-07-19,127,ATR 72,72,35,181195,167836
F0600,BOM-SIN,Mumbai,Singapore,2026-08-06,295,Airbus A320,180,140,1738660,1549828
F0601,DEL-DXB,Delhi,Dubai,2026-09-15,181,ATR 72,72,47,529690,488352
F0602,CCU-DEL,Kolkata,Delhi,2026-12-25,174,Airbus A320,220,189,1163295,705817
F0603,HYD-MAA,Hyderabad,Chennai,2026-11-25,150,Boeing 787,189,142,2148318,1881494
F0604,MAA-BOM,Chennai,Mumbai,2026-12-02,118,Airbus A321,180,108,444744,337808
F0605,MAA-BOM,Chennai,Mumbai,2026-08-09,295,Airbus A321,220,108,1443744,1338295
F0606,CCU-DEL,Kolkata,Delhi,2026-12-25,167,ATR 72,72,54,597186,525068
F0607,BLR-HYD,Bengaluru,Hyderabad,2026-08-14,114,Boeing 787,290,206,2984940,2844461
F0608,DEL-DXB,Delhi,Dubai,2026-10-09,102,Boeing 737,220,164,924140,845048
F0609,DEL-BLR,Delhi,Bengaluru,2026-10-28,259,Airbus A321,290,150,1497900,1595561
F0610,DEL-BLR,Delhi,Bengaluru,2026-03-01,240,Airbus A321,290,251,1949517,1609650
F0611,CCU-DEL,Kolkata,Delhi,2026-08-19,183,Airbus A320,290,269,3867951,2516642
F0612,BLR-HYD,Bengaluru,Hyderabad,2026-10-19,225,Boeing 737,290,204,1677900,1111687
F0613,MAA-BOM,Chennai,Mumbai,2026-10-08,247,Boeing 737,290,215,3094280,2757659
F0614,DEL-DXB,Delhi,Dubai,2026-02-11,60,Airbus A321,220,111,949716,692591
F0615,BLR-HYD,Bengaluru,Hyderabad,2026-01-23,84,Airbus A321,189,109,1649170,1128275
F0616,DEL-BLR,Delhi,Bengaluru,2026-12-11,193,Boeing 737,180,103,1160295,851068
F0617,CCU-DEL,Kolkata,Delhi,2026-04-30,259,Airbus A320,220,126,542556,369697
F0618,MAA-BOM,Chennai,Mumbai,2026-02-22,164,Airbus A321,189,155,1548295,1427237
F0619,CCU-DEL,Kolkata,Delhi,2026-07-12,268,ATR 72,72,62,300948,208168
F0620,DEL-BLR,Delhi,Bengaluru,2026-09-04,132,Boeing 787,189,168,2301432,1881439
F0621,BLR-HYD,Bengaluru,Hyderabad,2026-04-01,161,Boeing 787,290,252,1966356,1376289
F0622,HYD-MAA,Hyderabad,Chennai,2026-05-25,101,Boeing 787,180,136,2069648,1575528
F0623,DEL-BLR,Delhi,Bengaluru,2026-11-07,296,Airbus A321,180,153,2123181,2205679
F0624,MAA-BOM,Chennai,Mumbai,2026-03-11,253,Boeing 787,290,222,1239204,1354930
F0625,CCU-DEL,Kolkata,Delhi,2026-02-07,172,ATR 72,72,48,790128,603542
F0626,BOM-SIN,Mumbai,Singapore,2026-07-14,86,Airbus A320,220,180,2597400,2420919
F0627,DEL-BLR,Delhi,Bengaluru,2026-03-06,98,Airbus A320,290,287,4358382,4600989
F0628,MAA-BOM,Chennai,Mumbai,2026-04-01,193,Airbus A321,220,112,966784,1047282
F0629,HYD-MAA,Hyderabad,Chennai,2026-09-01,78,Boeing 787,189,110,1784420,1163833
F0630,BOM-DEL,Mumbai,Delhi,2026-11-05,300,Boeing 787,189,157,2459876,2542960
F0631,DEL-BLR,Delhi,Bengaluru,2026-11-28,125,Boeing 737,290,131,2101240,2080397
F0632,CCU-DEL,Kolkata,Delhi,2026-03-26,109,Airbus A321,220,199,1417676,1500409
F0633,BOM-DEL,Mumbai,Delhi,2026-01-18,235,Boeing 787,290,200,2783400,2213233
F0634,BLR-HYD,Bengaluru,Hyderabad,2026-06-18,237,ATR 72,72,58,287216,294885
F0635,CCU-DEL,Kolkata,Delhi,2026-03-10,258,Boeing 787,220,210,3023790,2384229
F0636,DEL-BLR,Delhi,Bengaluru,2026-09-28,285,Boeing 737,220,170,2674610,2440283
F0637,CCU-DEL,Kolkata,Delhi,2026-10-28,148,Boeing 787,180,83,546057,586064
F0638,BOM-DEL,Mumbai,Delhi,2026-10-05,187,Airbus A320,180,141,1474296,1393128
F0639,BLR-HYD,Bengaluru,Hyderabad,2026-07-06,145,Airbus A320,220,193,2532739,2463301
F0640,DEL-DXB,Delhi,Dubai,2026-03-05,103,Boeing 787,180,105,1341375,1112278
F0641,DEL-DXB,Delhi,Dubai,2026-07-23,76,Airbus A321,180,153,705330,495496
F0642,MAA-BOM,Chennai,Mumbai,2026-12-22,112,Boeing 787,290,139,2192447,2285298
F0643,DEL-BLR,Delhi,Bengaluru,2026-04-01,153,ATR 72,72,70,774970,742122
F0644,HYD-MAA,Hyderabad,Chennai,2026-12-11,133,Boeing 737,290,222,3488286,3409827
F0645,BOM-SIN,Mumbai,Singapore,2026-10-19,67,ATR 72,72,38,560462,501137
F0646,BOM-SIN,Mumbai,Singapore,2026-06-17,65,Boeing 737,189,145,2403665,2217335
F0647,CCU-DEL,Kolkata,Delhi,2026-02-25,291,Boeing 787,189,121,1366211,965920
F0648,HYD-MAA,Hyderabad,Chennai,2026-09-05,62,ATR 72,72,68,371076,363311
F0649,DEL-DXB,Delhi,Dubai,2026-02-09,273,Airbus A321,220,211,1390701,1373764
F0650,HYD-MAA,Hyderabad,Chennai,2026-11-15,82,Boeing 787,189,106,656458,701093
F0651,BOM-DEL,Mumbai,Delhi,2026-02-26,255,Boeing 787,189,129,1564383,1430729
F0652,HYD-MAA,Hyderabad,Chennai,2026-06-20,135,ATR 72,72,44,264968,237554
F0653,BOM-DEL,Mumbai,Delhi,2026-01-05,281,Airbus A321,180,89,1345413,1347490
F0654,BLR-HYD,Bengaluru,Hyderabad,2026-01-03,69,Airbus A321,189,168,2860704,2699579
F0655,BOM-SIN,Mumbai,Singapore,2026-12-10,152,Airbus A320,220,211,2134898,1799608
F0656,BOM-SIN,Mumbai,Singapore,2026-11-04,93,ATR 72,72,41,375929,385276
F0657,BLR-HYD,Bengaluru,Hyderabad,2026-02-25,210,Boeing 737,189,108,1029564,1107145
F0658,HYD-MAA,Hyderabad,Chennai,2026-01-19,264,Airbus A321,189,173,1838298,1135149
F0659,CCU-DEL,Kolkata,Delhi,2026-05-21,220,ATR 72,72,59,810365,791816
F0660,BOM-SIN,Mumbai,Singapore,2026-07-19,249,ATR 72,72,41,267238,267506
F0661,CCU-DEL,Kolkata,Delhi,2026-09-16,129,Boeing 737,220,176,2422288,2517864
F0662,BLR-HYD,Bengaluru,Hyderabad,2026-04-18,184,Boeing 737,220,140,1506680,1189708
F0663,HYD-MAA,Hyderabad,Chennai,2026-08-06,241,Boeing 787,189,158,1377286,1216273
F0664,DEL-BLR,Delhi,Bengaluru,2026-04-22,231,Boeing 737,189,139,1813672,1526020
F0665,MAA-BOM,Chennai,Mumbai,2026-08-07,155,Airbus A321,220,198,1714482,1576542
F0666,BOM-DEL,Mumbai,Delhi,2026-02-26,174,ATR 72,72,68,622472,454553
F0667,BOM-DEL,Mumbai,Delhi,2026-03-21,205,ATR 72,72,72,1166040,876283
F0668,BLR-HYD,Bengaluru,Hyderabad,2026-03-22,77,Boeing 787,290,276,3587724,2928637
F0669,CCU-DEL,Kolkata,Delhi,2026-10-04,114,Airbus A320,220,158,799480,671500
F0670,HYD-MAA,Hyderabad,Chennai,2026-12-03,249,Boeing 787,220,207,3250107,3285054
F0671,DEL-BLR,Delhi,Bengaluru,2026-11-20,121,ATR 72,72,33,490842,324299
F0672,DEL-BLR,Delhi,Bengaluru,2026-12-31,199,Boeing 737,189,131,1136818,1125415
F0673,MAA-BOM,Chennai,Mumbai,2026-08-15,77,Airbus A321,180,149,619393,599039
F0674,DEL-BLR,Delhi,Bengaluru,2026-09-12,170,Boeing 787,189,183,2967162,2216430
F0675,DEL-DXB,Delhi,Dubai,2026-08-21,207,Boeing 787,180,146,857020,752408
F0676,DEL-DXB,Delhi,Dubai,2026-05-31,257,Boeing 737,290,289,2136577,2041053
F0677,CCU-DEL,Kolkata,Delhi,2026-04-08,241,Boeing 737,220,129,699309,563408
F0678,BOM-DEL,Mumbai,Delhi,2026-11-09,176,Boeing 737,189,88,1392864,1020350
F0679,DEL-DXB,Delhi,Dubai,2026-12-25,64,Boeing 737,189,187,2132361,1682162
F0680,CCU-DEL,Kolkata,Delhi,2026-05-31,182,Boeing 787,220,219,2917518,2667163
F0681,DEL-DXB,Delhi,Dubai,2026-12-15,257,Airbus A321,220,214,2606948,2244124
F0682,CCU-DEL,Kolkata,Delhi,2026-12-16,283,Boeing 737,220,175,2272725,2010107
F0683,BLR-HYD,Bengaluru,Hyderabad,2026-01-17,156,Airbus A320,290,130,530140,427813
F0684,BLR-HYD,Bengaluru,Hyderabad,2026-01-20,268,Airbus A321,180,106,1284402,1022623
F0685,BOM-SIN,Mumbai,Singapore,2026-10-27,77,Boeing 787,220,124,745488,668804
F0686,DEL-DXB,Delhi,Dubai,2026-12-10,138,Boeing 737,220,148,1632144,1240443
F0687,HYD-MAA,Hyderabad,Chennai,2026-09-26,300,ATR 72,72,66,287232,214810
F0688,MAA-BOM,Chennai,Mumbai,2026-05-25,79,Airbus A320,220,147,1490727,1526213
F0689,BOM-DEL,Mumbai,Delhi,2026-10-09,95,Boeing 737,290,175,1905400,1994284
F0690,BOM-SIN,Mumbai,Singapore,2026-08-23,202,Airbus A320,180,161,1223600,1255594
F0691,BLR-HYD,Bengaluru,Hyderabad,2026-08-05,150,Airbus A320,180,85,1373175,1211460
F0692,BOM-DEL,Mumbai,Delhi,2026-01-09,127,Boeing 737,220,114,1038312,706886
F0693,HYD-MAA,Hyderabad,Chennai,2026-01-09,247,Airbus A320,220,202,1625494,1123982
F0694,CCU-DEL,Kolkata,Delhi,2026-05-12,82,Boeing 787,220,151,1273081,831272
F0695,CCU-DEL,Kolkata,Delhi,2026-07-07,159,Airbus A321,290,232,3642168,3039035
F0696,MAA-BOM,Chennai,Mumbai,2026-04-23,248,Boeing 737,189,153,628983,508365
F0697,HYD-MAA,Hyderabad,Chennai,2026-10-31,211,Boeing 737,180,134,745442,592852
F0698,MAA-BOM,Chennai,Mumbai,2026-05-07,220,Airbus A320,180,131,1605274,1289748
F0699,MAA-BOM,Chennai,Mumbai,2026-07-25,185,Boeing 737,180,160,1297760,1425455
F0700,MAA-BOM,Chennai,Mumbai,2026-09-30,133,Boeing 737,290,239,1399345,1296229
F0701,DEL-BLR,Delhi,Bengaluru,2026-09-02,180,Airbus A321,220,188,1370708,1405110
F0702,DEL-DXB,Delhi,Dubai,2026-10-07,229,Airbus A321,290,257,2046234,1999402
F0703,HYD-MAA,Hyderabad,Chennai,2026-02-22,258,Airbus A321,290,149,1900644,1231576
F0704,DEL-DXB,Delhi,Dubai,2026-05-31,298,Airbus A321,290,176,1702448,1870328
F0705,DEL-BLR,Delhi,Bengaluru,2026-04-07,63,Airbus A320,220,184,2959456,2616862
F0706,DEL-BLR,Delhi,Bengaluru,2026-07-06,213,Airbus A321,290,187,1041590,703813
F0707,MAA-BOM,Chennai,Mumbai,2026-08-23,183,ATR 72,72,49,424634,370660
F0708,BLR-HYD,Bengaluru,Hyderabad,2026-01-16,275,Airbus A321,220,176,1319120,1399849
F0709,BLR-HYD,Bengaluru,Hyderabad,2026-06-27,66,Airbus A320,290,145,1259325,810388
F0710,BLR-HYD,Bengaluru,Hyderabad,2026-05-29,270,Airbus A321,220,112,1954848,1452083
F0711,HYD-MAA,Hyderabad,Chennai,2026-03-05,210,Boeing 737,290,225,2151000,2162820
F0712,BOM-SIN,Mumbai,Singapore,2026-01-03,141,Boeing 737,180,149,2599752,2669706
F0713,DEL-DXB,Delhi,Dubai,2026-02-23,215,Boeing 737,220,126,1050462,863137
F0714,MAA-BOM,Chennai,Mumbai,2026-09-18,139,ATR 72,72,44,653796,663361
F0715,CCU-DEL,Kolkata,Delhi,2026-09-08,97,Boeing 787,189,143,1157156,1102651
F0716,MAA-BOM,Chennai,Mumbai,2026-08-16,248,Airbus A320,189,155,978515,595488
F0717,BOM-DEL,Mumbai,Delhi,2026-08-10,256,Boeing 787,180,126,1281294,831396
F0718,MAA-BOM,Chennai,Mumbai,2026-09-12,126,Boeing 787,189,113,1165821,915676
F0719,DEL-BLR,Delhi,Bengaluru,2026-09-03,151,Airbus A321,180,136,1310360,1025606
F0720,MAA-BOM,Chennai,Mumbai,2026-02-08,205,ATR 72,72,32,295008,283983
F0721,MAA-BOM,Chennai,Mumbai,2026-12-30,157,Airbus A320,220,147,599760,371591
F0722,MAA-BOM,Chennai,Mumbai,2026-06-04,66,Boeing 787,220,193,2758935,2791908
F0723,HYD-MAA,Hyderabad,Chennai,2026-01-27,260,Airbus A321,180,164,2392924,1488002
F0724,BLR-HYD,Bengaluru,Hyderabad,2026-04-14,205,Boeing 737,180,123,1273173,1103633
F0725,DEL-DXB,Delhi,Dubai,2026-01-30,210,Boeing 787,220,99,1593306,1235797
F0726,DEL-BLR,Delhi,Bengaluru,2026-10-23,260,Airbus A320,189,175,2566900,1609380
F0727,BOM-DEL,Mumbai,Delhi,2026-03-15,192,Boeing 737,180,82,393108,333378
F0728,CCU-DEL,Kolkata,Delhi,2026-03-08,185,Boeing 737,189,165,1086195,990656
F0729,BOM-SIN,Mumbai,Singapore,2026-04-16,294,Airbus A321,290,279,3189807,2634496
F0730,BOM-DEL,Mumbai,Delhi,2026-06-02,255,Boeing 787,220,115,1824245,1678168
F0731,BOM-SIN,Mumbai,Singapore,2026-01-07,63,Boeing 787,180,174,828066,705463
F0732,BLR-HYD,Bengaluru,Hyderabad,2026-09-29,98,Boeing 787,220,185,2159875,1937486
F0733,DEL-BLR,Delhi,Bengaluru,2026-12-30,153,ATR 72,72,43,303881,307192
F0734,BLR-HYD,Bengaluru,Hyderabad,2026-02-01,287,ATR 72,72,51,283917,233085
F0735,MAA-BOM,Chennai,Mumbai,2026-03-22,273,Boeing 737,189,109,888132,540400
F0736,CCU-DEL,Kolkata,Delhi,2026-04-25,186,Airbus A321,189,92,623852,466383
F0737,CCU-DEL,Kolkata,Delhi,2026-12-26,91,Boeing 787,189,92,1352676,885120
F0738,DEL-DXB,Delhi,Dubai,2026-09-27,282,Boeing 737,180,143,1750892,1508420
F0739,BLR-HYD,Bengaluru,Hyderabad,2026-12-19,235,Boeing 787,189,125,1958375,1411081
F0740,MAA-BOM,Chennai,Mumbai,2026-01-07,191,Airbus A321,189,147,1265817,1345577
F0741,HYD-MAA,Hyderabad,Chennai,2026-08-07,256,Boeing 737,189,92,1536400,1544810
F0742,DEL-BLR,Delhi,Bengaluru,2026-09-15,216,Boeing 737,220,177,1687872,1435637
F0743,MAA-BOM,Chennai,Mumbai,2026-07-04,269,ATR 72,72,47,826542,739423
F0744,DEL-DXB,Delhi,Dubai,2026-10-11,236,Airbus A321,220,183,967155,661390
F0745,DEL-DXB,Delhi,Dubai,2026-09-28,224,Boeing 737,180,116,1709144,1034835
F0746,BLR-HYD,Bengaluru,Hyderabad,2026-10-20,126,Airbus A321,220,160,2280960,1907527
F0747,CCU-DEL,Kolkata,Delhi,2026-07-09,244,Airbus A321,189,162,1890216,1409965
F0748,HYD-MAA,Hyderabad,Chennai,2026-01-19,299,Airbus A321,180,148,855144,899286
F0749,BLR-HYD,Bengaluru,Hyderabad,2026-10-03,260,Airbus A320,180,180,1318860,887695
F0750,HYD-MAA,Hyderabad,Chennai,2026-10-08,111,Airbus A320,180,121,750442,715412
F0751,BOM-SIN,Mumbai,Singapore,2026-04-28,247,Boeing 737,290,261,3409443,2890651
F0752,BOM-DEL,Mumbai,Delhi,2026-11-24,268,Airbus A320,220,213,3488301,3722008
F0753,BOM-DEL,Mumbai,Delhi,2026-01-24,250,Boeing 737,290,252,1953756,2069777
F0754,DEL-DXB,Delhi,Dubai,2026-08-15,289,ATR 72,72,50,297600,275504
F0755,DEL-BLR,Delhi,Bengaluru,2026-09-28,92,ATR 72,72,35,154210,115564
F0756,BOM-DEL,Mumbai,Delhi,2026-02-21,293,ATR 72,72,65,782470,559031
F0757,DEL-DXB,Delhi,Dubai,2026-11-14,300,Airbus A320,220,129,1682031,1538070
F0758,BOM-DEL,Mumbai,Delhi,2026-05-30,182,ATR 72,72,65,735150,618652
F0759,HYD-MAA,Hyderabad,Chennai,2026-08-10,190,Boeing 737,290,270,3694140,3558837
F0760,HYD-MAA,Hyderabad,Chennai,2026-04-20,145,ATR 72,72,39,339105,208830
F0761,BOM-SIN,Mumbai,Singapore,2026-09-12,249,Airbus A320,220,109,1794467,1095147
F0762,BOM-DEL,Mumbai,Delhi,2026-01-18,100,Boeing 787,220,209,3353196,3639102
F0763,BLR-HYD,Bengaluru,Hyderabad,2026-02-03,171,Airbus A320,189,113,1277352,1014432
F0764,DEL-BLR,Delhi,Bengaluru,2026-08-08,253,Boeing 787,290,172,1394576,1132181
F0765,CCU-DEL,Kolkata,Delhi,2026-08-29,291,ATR 72,72,60,291360,273065
F0766,BOM-SIN,Mumbai,Singapore,2026-03-02,263,Airbus A320,189,101,1764672,1185866
F0767,DEL-DXB,Delhi,Dubai,2026-09-08,295,Airbus A320,180,157,1698583,1129554
F0768,DEL-DXB,Delhi,Dubai,2026-04-05,142,ATR 72,72,38,363926,237295
F0769,CCU-DEL,Kolkata,Delhi,2026-12-27,242,ATR 72,72,66,864204,769685
F0770,BLR-HYD,Bengaluru,Hyderabad,2026-03-02,270,Boeing 787,220,120,1496280,1096245
F0771,BLR-HYD,Bengaluru,Hyderabad,2026-02-18,278,ATR 72,72,44,303776,269398
F0772,MAA-BOM,Chennai,Mumbai,2026-02-15,272,Airbus A320,180,102,1410864,885575
F0773,BOM-DEL,Mumbai,Delhi,2026-05-24,286,Boeing 787,180,177,2430387,1943805
F0774,BLR-HYD,Bengaluru,Hyderabad,2026-01-10,65,Airbus A321,290,287,1578500,1444697
F0775,BOM-DEL,Mumbai,Delhi,2026-07-20,133,Airbus A321,290,145,869275,951662
F0776,MAA-BOM,Chennai,Mumbai,2026-12-18,239,Airbus A320,180,169,1457794,1205887
F0777,HYD-MAA,Hyderabad,Chennai,2026-03-02,91,ATR 72,72,66,1072104,695228
F0778,BLR-HYD,Bengaluru,Hyderabad,2026-07-01,85,Airbus A321,220,135,1115235,719970
F0779,DEL-BLR,Delhi,Bengaluru,2026-06-14,181,Boeing 737,189,145,909730,910107
F0780,DEL-BLR,Delhi,Bengaluru,2026-12-04,272,Airbus A321,180,175,1127175,886024
F0781,DEL-BLR,Delhi,Bengaluru,2026-05-16,226,ATR 72,72,39,476814,446680
F0782,CCU-DEL,Kolkata,Delhi,2026-06-18,166,Boeing 737,180,94,973652,755768
F0783,BLR-HYD,Bengaluru,Hyderabad,2026-11-04,149,Boeing 737,180,123,1529874,1269718
F0784,BOM-DEL,Mumbai,Delhi,2026-02-24,203,Airbus A320,290,244,2802096,1805917
F0785,BOM-SIN,Mumbai,Singapore,2026-08-24,129,Airbus A320,290,264,1874928,1451583
F0786,CCU-DEL,Kolkata,Delhi,2026-01-24,149,Boeing 737,290,227,3631092,2626303
F0787,HYD-MAA,Hyderabad,Chennai,2026-08-06,176,Boeing 787,180,138,2178744,1662850
F0788,HYD-MAA,Hyderabad,Chennai,2026-09-24,103,Airbus A321,180,156,1166256,962920
F0789,DEL-BLR,Delhi,Bengaluru,2026-12-03,159,Boeing 737,180,104,1730664,1281544
F0790,DEL-DXB,Delhi,Dubai,2026-05-24,216,Boeing 787,180,143,1673243,1536777
F0791,DEL-BLR,Delhi,Bengaluru,2026-12-26,189,Airbus A320,220,123,1130124,893978
F0792,MAA-BOM,Chennai,Mumbai,2026-02-11,265,Boeing 737,290,209,2806870,2138810
F0793,BOM-SIN,Mumbai,Singapore,2026-09-21,214,Airbus A320,220,165,1670790,1412826
F0794,BOM-DEL,Mumbai,Delhi,2026-05-14,63,Boeing 737,220,187,2350216,2234235
F0795,HYD-MAA,Hyderabad,Chennai,2026-09-21,264,Airbus A321,189,109,1754028,1751777
F0796,MAA-BOM,Chennai,Mumbai,2026-08-20,176,Airbus A321,189,153,1373022,1371281
F0797,HYD-MAA,Hyderabad,Chennai,2026-02-13,68,Boeing 787,189,183,1744905,1736518
F0798,DEL-BLR,Delhi,Bengaluru,2026-02-13,136,ATR 72,72,47,224237,180157
F0799,CCU-DEL,Kolkata,Delhi,2026-01-28,264,Airbus A320,180,175,2342550,2521069
F0800,BOM-SIN,Mumbai,Singapore,2026-11-17,250,Airbus A320,180,108,1292760,1201846
F0801,DEL-DXB,Delhi,Dubai,2026-04-21,134,ATR 72,72,68,990012,702523
F0802,BLR-HYD,Bengaluru,Hyderabad,2026-02-07,90,ATR 72,72,41,492369,505038
F0803,HYD-MAA,Hyderabad,Chennai,2026-07-02,231,Boeing 737,180,108,865296,900075
F0804,DEL-BLR,Delhi,Bengaluru,2026-07-23,121,Boeing 737,189,159,2540979,2646399
F0805,BLR-HYD,Bengaluru,Hyderabad,2026-04-20,175,ATR 72,72,40,690200,495194
F0806,DEL-DXB,Delhi,Dubai,2026-04-13,204,ATR 72,72,62,798746,491506
F0807,CCU-DEL,Kolkata,Delhi,2026-02-26,123,Boeing 787,290,197,3388203,3038585
F0808,BOM-DEL,Mumbai,Delhi,2026-09-08,221,Airbus A320,180,171,2095263,1762454
F0809,DEL-DXB,Delhi,Dubai,2026-06-02,168,Airbus A320,220,170,1820530,1390586
F0810,BLR-HYD,Bengaluru,Hyderabad,2026-05-25,114,Boeing 787,290,176,736560,727673
F0811,BLR-HYD,Bengaluru,Hyderabad,2026-05-02,204,Airbus A321,189,128,962176,725686
F0812,HYD-MAA,Hyderabad,Chennai,2026-07-06,282,Boeing 737,220,192,2942976,2980034
F0813,DEL-BLR,Delhi,Bengaluru,2026-10-12,117,Boeing 737,220,161,1654436,1296406
F0814,BOM-DEL,Mumbai,Delhi,2026-01-27,125,Boeing 737,290,193,1699558,1489398
F0815,CCU-DEL,Kolkata,Delhi,2026-10-13,102,Boeing 787,189,165,2036760,1929623
F0816,HYD-MAA,Hyderabad,Chennai,2026-09-06,69,Airbus A320,220,129,1768977,1664806
F0817,BOM-DEL,Mumbai,Delhi,2026-01-02,209,Airbus A321,180,134,1059538,1071368
F0818,BOM-DEL,Mumbai,Delhi,2026-06-16,74,Boeing 737,220,144,2271744,2173487
F0819,CCU-DEL,Kolkata,Delhi,2026-05-31,154,Airbus A320,290,166,2643550,1883112
F0820,BOM-SIN,Mumbai,Singapore,2026-10-08,151,Boeing 737,180,159,2426658,1996082
F0821,CCU-DEL,Kolkata,Delhi,2026-05-15,100,Airbus A320,220,143,706992,629308
F0822,DEL-DXB,Delhi,Dubai,2026-12-31,283,Airbus A320,220,100,734600,577917
F0823,BOM-DEL,Mumbai,Delhi,2026-06-10,248,Airbus A321,290,167,1160316,1013206
F0824,BLR-HYD,Bengaluru,Hyderabad,2026-02-23,237,Boeing 737,220,122,541802,382506
F0825,BOM-DEL,Mumbai,Delhi,2026-10-16,192,Boeing 787,290,139,1862183,1935221
F0826,HYD-MAA,Hyderabad,Chennai,2026-04-03,240,ATR 72,72,36,421344,412051
F0827,DEL-BLR,Delhi,Bengaluru,2026-11-28,127,Boeing 737,290,203,1169280,1167390
F0828,HYD-MAA,Hyderabad,Chennai,2026-02-01,192,Airbus A320,180,99,694683,559532
F0829,DEL-BLR,Delhi,Bengaluru,2026-07-02,215,Boeing 787,180,92,1242736,1219914
F0830,HYD-MAA,Hyderabad,Chennai,2026-10-13,280,Airbus A320,180,158,2791070,2785123
F0831,MAA-BOM,Chennai,Mumbai,2026-01-10,249,Airbus A320,189,140,1679160,1548594
F0832,DEL-DXB,Delhi,Dubai,2026-08-11,241,Boeing 787,220,146,1350792,1348725
F0833,BLR-HYD,Bengaluru,Hyderabad,2026-04-24,63,Airbus A320,290,141,2448324,2124825
F0834,DEL-BLR,Delhi,Bengaluru,2026-09-13,293,ATR 72,72,65,677235,469123
F0835,DEL-BLR,Delhi,Bengaluru,2026-11-02,162,Boeing 787,189,152,1655280,1515480
F0836,BLR-HYD,Bengaluru,Hyderabad,2026-06-02,125,Boeing 787,189,92,1510364,1121098
F0837,DEL-DXB,Delhi,Dubai,2026-02-03,188,Boeing 787,180,132,1169916,1045205
F0838,DEL-DXB,Delhi,Dubai,2026-01-06,271,Airbus A320,180,139,816625,526916
F0839,DEL-DXB,Delhi,Dubai,2026-09-24,67,Airbus A320,189,169,1196858,794002
F0840,BOM-DEL,Mumbai,Delhi,2026-08-30,230,ATR 72,72,56,818160,591002
F0841,BOM-DEL,Mumbai,Delhi,2026-02-23,300,Airbus A320,180,117,776178,673424
F0842,BOM-DEL,Mumbai,Delhi,2026-08-08,167,ATR 72,72,58,525480,445547
F0843,DEL-BLR,Delhi,Bengaluru,2026-01-04,133,Boeing 787,220,165,2839650,1991009
F0844,BLR-HYD,Bengaluru,Hyderabad,2026-04-06,300,Airbus A320,189,100,1554000,1228487
F0845,CCU-DEL,Kolkata,Delhi,2026-05-14,271,ATR 72,72,69,313191,332806
F0846,BOM-DEL,Mumbai,Delhi,2026-06-11,160,Airbus A321,180,81,514188,443466
F0847,MAA-BOM,Chennai,Mumbai,2026-09-27,109,Airbus A320,290,282,2870196,2760874
F0848,HYD-MAA,Hyderabad,Chennai,2026-08-13,64,ATR 72,72,51,625617,543351
F0849,HYD-MAA,Hyderabad,Chennai,2026-07-23,235,Airbus A321,180,86,737364,715832
F0850,HYD-MAA,Hyderabad,Chennai,2026-06-28,285,Boeing 787,220,147,2132382,1444936
F0851,BOM-SIN,Mumbai,Singapore,2026-08-19,292,Airbus A321,189,182,2386202,1774538
F0852,CCU-DEL,Kolkata,Delhi,2026-09-13,207,Boeing 737,180,145,1152170,1250924
F0853,BOM-SIN,Mumbai,Singapore,2026-07-07,277,Airbus A321,290,233,1150321,800043
F0854,BOM-SIN,Mumbai,Singapore,2026-03-14,170,ATR 72,72,35,505995,382170
F0855,DEL-DXB,Delhi,Dubai,2026-10-03,61,Airbus A321,189,89,467606,381673
F0856,BLR-HYD,Bengaluru,Hyderabad,2026-03-08,80,Airbus A321,180,121,1359798,866787
F0857,HYD-MAA,Hyderabad,Chennai,2026-05-01,152,Boeing 737,220,125,1942375,1360064
F0858,DEL-DXB,Delhi,Dubai,2026-12-16,97,Boeing 737,180,121,1350360,1383518
F0859,MAA-BOM,Chennai,Mumbai,2026-03-08,172,Airbus A321,290,131,2217568,1956476
F0860,CCU-DEL,Kolkata,Delhi,2026-09-11,68,Boeing 737,180,81,1094634,665233
F0861,MAA-BOM,Chennai,Mumbai,2026-05-14,249,Airbus A320,189,133,1975316,1942913
F0862,HYD-MAA,Hyderabad,Chennai,2026-01-23,222,ATR 72,72,41,311149,296831
F0863,MAA-BOM,Chennai,Mumbai,2026-07-31,70,ATR 72,72,63,558432,523605
F0864,BOM-SIN,Mumbai,Singapore,2026-05-10,181,Airbus A321,220,157,1904253,2073985
F0865,BOM-SIN,Mumbai,Singapore,2026-01-23,86,Airbus A321,290,274,1799906,1608175
F0866,HYD-MAA,Hyderabad,Chennai,2026-05-16,181,ATR 72,72,57,648888,474915
F0867,DEL-DXB,Delhi,Dubai,2026-06-15,101,Boeing 737,189,120,1566360,1148013
F0868,DEL-DXB,Delhi,Dubai,2026-07-04,280,Boeing 737,290,136,1167288,1018367
F0869,CCU-DEL,Kolkata,Delhi,2026-07-15,108,Airbus A320,220,215,3598670,3538701
F0870,CCU-DEL,Kolkata,Delhi,2026-06-25,264,Airbus A321,220,175,1363775,1163499
F0871,DEL-DXB,Delhi,Dubai,2026-02-13,188,Airbus A320,189,180,1924020,1268615
F0872,MAA-BOM,Chennai,Mumbai,2026-08-22,208,Boeing 737,189,133,1601852,1663248
F0873,HYD-MAA,Hyderabad,Chennai,2026-03-13,268,Boeing 787,180,114,1367772,935798
F0874,DEL-DXB,Delhi,Dubai,2026-06-27,79,Airbus A321,189,169,2032563,1720065
F0875,MAA-BOM,Chennai,Mumbai,2026-10-12,82,Airbus A320,180,98,495390,526712
F0876,BLR-HYD,Bengaluru,Hyderabad,2026-02-27,140,Airbus A321,189,150,1943700,1617047
F0877,DEL-DXB,Delhi,Dubai,2026-05-21,200,Airbus A321,290,198,2705274,2716289
F0878,HYD-MAA,Hyderabad,Chennai,2026-04-26,177,Airbus A320,290,276,3612840,3449775
F0879,BLR-HYD,Bengaluru,Hyderabad,2026-02-21,122,Boeing 737,290,219,1895883,1869043
F0880,DEL-DXB,Delhi,Dubai,2026-04-23,274,Boeing 737,220,156,2253264,2400639
F0881,DEL-DXB,Delhi,Dubai,2026-03-05,185,Boeing 737,290,218,2144902,1826617
F0882,HYD-MAA,Hyderabad,Chennai,2026-04-24,69,Airbus A320,290,147,1778847,1244962
F0883,MAA-BOM,Chennai,Mumbai,2026-05-24,91,Boeing 787,290,273,3333603,3002524
F0884,BOM-SIN,Mumbai,Singapore,2026-11-08,78,Airbus A321,290,202,2355118,2228662
F0885,DEL-DXB,Delhi,Dubai,2026-01-03,77,Boeing 787,220,172,918480,799389
F0886,BOM-SIN,Mumbai,Singapore,2026-02-27,241,Airbus A321,220,107,582401,522803
F0887,DEL-BLR,Delhi,Bengaluru,2026-03-12,138,Boeing 737,180,150,2105700,1515107
F0888,MAA-BOM,Chennai,Mumbai,2026-02-10,210,Airbus A320,180,169,2583841,1732461
F0889,BOM-DEL,Mumbai,Delhi,2026-05-10,229,ATR 72,72,34,352716,277582
F0890,DEL-DXB,Delhi,Dubai,2026-05-06,240,ATR 72,72,33,143121,106386
F0891,DEL-DXB,Delhi,Dubai,2026-02-05,186,Airbus A320,290,262,2354594,1417196
F0892,BOM-DEL,Mumbai,Delhi,2026-10-08,297,Boeing 787,290,223,3704476,2654677
F0893,BOM-DEL,Mumbai,Delhi,2026-04-25,65,Boeing 787,220,193,1147192,818069
F0894,HYD-MAA,Hyderabad,Chennai,2026-05-20,243,Airbus A320,189,93,712566,777672
F0895,MAA-BOM,Chennai,Mumbai,2026-02-15,212,ATR 72,72,63,441378,363247
F0896,BOM-DEL,Mumbai,Delhi,2026-10-10,147,Airbus A320,290,193,1064781,1012041
F0897,CCU-DEL,Kolkata,Delhi,2026-02-24,123,Airbus A321,290,218,1105478,936812
F0898,HYD-MAA,Hyderabad,Chennai,2026-04-01,147,Boeing 737,189,97,984356,1006408
F0899,MAA-BOM,Chennai,Mumbai,2026-11-15,125,Airbus A321,290,132,1741740,1810740
F0900,BOM-DEL,Mumbai,Delhi,2026-04-02,208,Boeing 737,180,163,1388760,1075206
F0901,MAA-BOM,Chennai,Mumbai,2026-04-21,240,Boeing 737,290,165,1026630,1069804
F0902,HYD-MAA,Hyderabad,Chennai,2026-08-11,284,Airbus A321,180,119,775047,632150
F0903,MAA-BOM,Chennai,Mumbai,2026-03-06,98,Airbus A320,220,154,1061368,990168
F0904,CCU-DEL,Kolkata,Delhi,2026-08-20,113,Boeing 737,180,125,1442625,1121973
F0905,MAA-BOM,Chennai,Mumbai,2026-03-12,209,Boeing 787,220,165,922185,892294
F0906,DEL-DXB,Delhi,Dubai,2026-05-16,291,Boeing 737,220,130,2066480,1790784
F0907,CCU-DEL,Kolkata,Delhi,2026-11-16,264,Boeing 787,189,145,1937635,1559641
F0908,DEL-BLR,Delhi,Bengaluru,2026-05-24,73,Airbus A321,220,200,2397400,1473465
F0909,BLR-HYD,Bengaluru,Hyderabad,2026-05-25,142,Airbus A321,180,177,3149007,3315566
F0910,BOM-DEL,Mumbai,Delhi,2026-06-18,124,ATR 72,72,54,576180,475190
F0911,DEL-BLR,Delhi,Bengaluru,2026-05-03,150,ATR 72,72,63,996156,799606
F0912,BOM-SIN,Mumbai,Singapore,2026-09-20,212,Boeing 787,220,109,1779425,1339972
F0913,BLR-HYD,Bengaluru,Hyderabad,2026-12-15,248,Boeing 737,220,100,661200,671498
F0914,BOM-SIN,Mumbai,Singapore,2026-03-31,224,Boeing 787,220,205,1751315,1296011
F0915,BOM-SIN,Mumbai,Singapore,2026-05-04,112,ATR 72,72,44,592372,612714
F0916,HYD-MAA,Hyderabad,Chennai,2026-08-25,180,ATR 72,72,51,481389,344144
F0917,BLR-HYD,Bengaluru,Hyderabad,2026-04-10,225,ATR 72,72,66,905124,665522
F0918,CCU-DEL,Kolkata,Delhi,2026-09-15,179,Airbus A320,180,151,2462659,1918149
F0919,DEL-DXB,Delhi,Dubai,2026-10-11,144,Boeing 737,189,114,1845774,1656542
F0920,DEL-BLR,Delhi,Bengaluru,2026-03-10,288,Boeing 787,189,170,2498320,1581916
F0921,DEL-DXB,Delhi,Dubai,2026-12-15,273,Boeing 787,220,184,957904,989258
F0922,CCU-DEL,Kolkata,Delhi,2026-05-14,151,Airbus A321,220,203,2783536,2574939
F0923,MAA-BOM,Chennai,Mumbai,2026-06-19,209,Airbus A320,189,136,2341376,1487454
F0924,CCU-DEL,Kolkata,Delhi,2026-02-14,61,Airbus A321,189,105,1193955,870619
F0925,MAA-BOM,Chennai,Mumbai,2026-02-20,249,ATR 72,72,62,508152,412387
F0926,CCU-DEL,Kolkata,Delhi,2026-09-13,120,Boeing 787,189,111,1148295,771629
F0927,DEL-BLR,Delhi,Bengaluru,2026-04-07,190,Airbus A321,290,197,1372696,1215240
F0928,BOM-SIN,Mumbai,Singapore,2026-10-17,138,Boeing 737,189,154,753214,800989
F0929,HYD-MAA,Hyderabad,Chennai,2026-12-03,219,ATR 72,72,36,444888,455883
F0930,DEL-DXB,Delhi,Dubai,2026-06-25,190,ATR 72,72,58,790018,708408
F0931,MAA-BOM,Chennai,Mumbai,2026-06-08,248,Boeing 787,189,170,2032350,1524477
F0932,DEL-BLR,Delhi,Bengaluru,2026-09-22,155,Airbus A321,189,142,1186552,1186146
F0933,BLR-HYD,Bengaluru,Hyderabad,2026-06-29,65,Boeing 787,180,140,574000,455553
F0934,HYD-MAA,Hyderabad,Chennai,2026-02-11,119,Airbus A321,189,86,1137092,763202
F0935,DEL-BLR,Delhi,Bengaluru,2026-03-31,171,Airbus A320,290,223,2777019,2261195
F0936,DEL-BLR,Delhi,Bengaluru,2026-07-15,95,ATR 72,72,69,1226613,1070675
F0937,BOM-DEL,Mumbai,Delhi,2026-06-16,186,Boeing 787,220,142,1971528,1750753
F0938,CCU-DEL,Kolkata,Delhi,2026-05-25,181,Boeing 787,189,136,985592,1026481
F0939,MAA-BOM,Chennai,Mumbai,2026-04-24,78,Airbus A321,189,164,2824244,2583540
F0940,BLR-HYD,Bengaluru,Hyderabad,2026-09-01,127,Boeing 787,290,189,1409940,1335383
F0941,BOM-SIN,Mumbai,Singapore,2026-10-28,137,ATR 72,72,52,288132,266174
F0942,DEL-DXB,Delhi,Dubai,2026-08-27,134,Airbus A321,189,153,1296063,1072345
F0943,BOM-DEL,Mumbai,Delhi,2026-06-27,165,Boeing 787,220,136,2129760,1866299
F0944,BOM-SIN,Mumbai,Singapore,2026-12-12,74,Boeing 787,189,189,3006990,2387636
F0945,DEL-DXB,Delhi,Dubai,2026-10-30,250,Airbus A320,290,265,1684075,1704401
F0946,DEL-DXB,Delhi,Dubai,2026-08-04,261,ATR 72,72,71,433384,303674
F0947,BOM-SIN,Mumbai,Singapore,2026-10-05,226,Boeing 787,220,185,2506010,1967988
F0948,CCU-DEL,Kolkata,Delhi,2026-08-18,121,Airbus A320,180,171,2840481,2466463
F0949,CCU-DEL,Kolkata,Delhi,2026-09-13,79,Boeing 737,220,157,1724174,1513141
F0950,DEL-BLR,Delhi,Bengaluru,2026-02-02,247,Airbus A320,189,96,506592,357882
F0951,CCU-DEL,Kolkata,Delhi,2026-08-02,85,Boeing 737,220,112,1603056,1376286
F0952,HYD-MAA,Hyderabad,Chennai,2026-01-28,276,Airbus A320,220,106,1083850,1100678
F0953,DEL-DXB,Delhi,Dubai,2026-03-20,264,Boeing 787,220,143,2174458,2210467
F0954,HYD-MAA,Hyderabad,Chennai,2026-12-31,154,Boeing 787,290,156,2290860,1693307
F0955,BLR-HYD,Bengaluru,Hyderabad,2026-10-31,124,Airbus A321,180,116,500656,312130
F0956,DEL-BLR,Delhi,Bengaluru,2026-08-18,214,Boeing 787,189,183,3008520,1854501
F0957,DEL-DXB,Delhi,Dubai,2026-04-08,143,Airbus A320,290,199,2028009,1797978
F0958,CCU-DEL,Kolkata,Delhi,2026-04-11,218,Airbus A320,189,113,1325942,1322574
F0959,HYD-MAA,Hyderabad,Chennai,2026-12-29,247,Boeing 737,189,122,891210,879877
F0960,DEL-BLR,Delhi,Bengaluru,2026-12-31,282,Airbus A320,189,134,776932,754177
F0961,BOM-DEL,Mumbai,Delhi,2026-08-28,72,ATR 72,72,38,468198,439873
F0962,DEL-BLR,Delhi,Bengaluru,2026-03-16,108,ATR 72,72,34,200838,164171
F0963,BLR-HYD,Bengaluru,Hyderabad,2026-11-19,104,ATR 72,72,54,409158,348142
F0964,MAA-BOM,Chennai,Mumbai,2026-06-10,204,Airbus A321,189,105,1808415,1794194
F0965,DEL-BLR,Delhi,Bengaluru,2026-03-24,81,Boeing 737,220,213,3351555,2646045
F0966,CCU-DEL,Kolkata,Delhi,2026-10-28,118,ATR 72,72,48,672096,624122
F0967,MAA-BOM,Chennai,Mumbai,2026-01-09,177,Boeing 737,220,198,1244034,1325318
F0968,DEL-DXB,Delhi,Dubai,2026-10-12,191,Airbus A320,180,125,900625,683396
F0969,DEL-DXB,Delhi,Dubai,2026-05-04,220,ATR 72,72,49,598878,377949
F0970,DEL-BLR,Delhi,Bengaluru,2026-01-03,60,Boeing 787,220,165,1093620,1119810
F0971,DEL-DXB,Delhi,Dubai,2026-12-28,277,Boeing 787,220,199,1266834,1233502
F0972,DEL-BLR,Delhi,Bengaluru,2026-08-29,98,Boeing 787,290,189,2902851,1896480
F0973,DEL-BLR,Delhi,Bengaluru,2026-05-16,296,ATR 72,72,49,283563,295649
F0974,DEL-BLR,Delhi,Bengaluru,2026-02-20,89,Airbus A321,180,165,1542090,1056973
F0975,DEL-BLR,Delhi,Bengaluru,2026-01-13,213,ATR 72,72,65,559065,416301
F0976,BLR-HYD,Bengaluru,Hyderabad,2026-05-18,134,Boeing 787,189,117,1230957,1182249
F0977,DEL-DXB,Delhi,Dubai,2026-06-09,91,Boeing 787,189,90,557280,346092
F0978,MAA-BOM,Chennai,Mumbai,2026-06-08,228,Boeing 737,290,189,1944810,1836097
F0979,CCU-DEL,Kolkata,Delhi,2026-06-14,163,ATR 72,72,46,239798,257812
F0980,BLR-HYD,Bengaluru,Hyderabad,2026-12-07,244,Airbus A320,220,168,2744616,2486093
F0981,HYD-MAA,Hyderabad,Chennai,2026-01-15,144,Boeing 787,189,162,2375406,1871102
F0982,BLR-HYD,Bengaluru,Hyderabad,2026-10-09,82,ATR 72,72,45,501930,311720
F0983,DEL-BLR,Delhi,Bengaluru,2026-12-17,60,Boeing 737,220,140,1830640,1409548
F0984,MAA-BOM,Chennai,Mumbai,2026-01-19,234,Boeing 737,220,125,1245125,1009658
F0985,DEL-BLR,Delhi,Bengaluru,2026-03-05,252,Airbus A320,189,138,1393938,1326570
F0986,HYD-MAA,Hyderabad,Chennai,2026-01-25,101,ATR 72,72,64,511488,552235
F0987,DEL-DXB,Delhi,Dubai,2026-03-03,73,ATR 72,72,72,412056,337212
F0988,BLR-HYD,Bengaluru,Hyderabad,2026-03-15,75,Airbus A320,290,271,3743323,3362968
F0989,BOM-DEL,Mumbai,Delhi,2026-04-13,89,Airbus A320,220,197,1975713,1981502
F0990,MAA-BOM,Chennai,Mumbai,2026-12-26,82,Airbus A321,180,126,823914,777364
F0991,DEL-BLR,Delhi,Bengaluru,2026-04-05,272,Boeing 737,180,169,1650623,1303271
F0992,BOM-DEL,Mumbai,Delhi,2026-07-16,68,Airbus A321,180,131,706745,527318
F0993,HYD-MAA,Hyderabad,Chennai,2026-05-07,84,Boeing 787,220,186,1105956,1048781
F0994,DEL-BLR,Delhi,Bengaluru,2026-07-30,278,Boeing 737,180,108,663120,458625
F0995,BOM-DEL,Mumbai,Delhi,2026-12-15,219,Airbus A320,189,189,2060856,2227587
F0996,CCU-DEL,Kolkata,Delhi,2026-03-22,223,Airbus A321,189,128,958336,741118
F0997,DEL-DXB,Delhi,Dubai,2026-06-06,77,ATR 72,72,72,617400,471949
F0998,CCU-DEL,Kolkata,Delhi,2026-01-19,265,ATR 72,72,65,522665,517378
F0999,MAA-BOM,Chennai,Mumbai,2026-10-24,261,Boeing 787,189,94,1110892,1033167
F1000,BOM-DEL,Mumbai,Delhi,2026-01-13,63,Boeing 787,220,106,1857968,1286841
